nTotal,true_ratio,confidence,estimate
5,0.625,2,60
45,0.875,3,91
5,0.75,3,100
45,0.5,3,73
5,0.125,3,20
25,0.25,2,40
5,1,3,98
5,0.75,3,85
45,0.25,3,10
5,0.875,3,98
45,0.375,2,49
25,0.25,3,10
25,0.5,2,36
5,0.625,2,71
25,0.875,3,99
25,0,3,6
25,0.5,2,45
5,0,2,6
45,0.125,3,6
5,0.625,2,34
45,0.5,2,40
45,0.25,2,44
45,1,3,89
45,0.375,2,35
45,0.625,1,55
5,0.25,2,21
25,0.75,1,61
45,1,3,99
25,0.875,3,95
5,0.75,2,62
45,1,3,99
25,0.625,2,54
45,0,3,1
25,0.625,2,62
45,0.875,3,99
25,1,3,95
5,0.125,1,20
45,0,2,13
45,0.125,3,1
25,0,3,1
25,0.375,1,37
5,1,1,74
25,0.125,2,35
25,0.125,3,1
25,0.625,2,60
5,0.25,1,24
25,0,3,1
25,0.25,2,9
5,0.875,1,75
45,0,3,1
45,0.75,2,58
45,0.5,2,48
5,1,3,97
5,0.5,2,60
45,0.75,3,96
25,0.375,1,37
5,0.5,1,40
5,0.125,1,2
25,0.875,2,55
45,0.875,3,78
25,0.75,3,92
5,0.375,2,21
25,0.5,1,55
25,1,3,99
25,0.125,2,12
5,0.25,2,41
45,0.75,3,83
45,0.25,2,37
25,1,3,99
25,0.375,2,37
45,0.375,2,14
5,0.5,2,60
45,0.625,2,75
45,0.625,2,61
25,0.75,2,77
45,0.125,2,34
5,0.875,2,75
5,0.375,1,40
5,0,1,20
5,0,1,3
5,0.375,1,60
25,0.5,3,52
5,0.125,2,10
25,1,3,95
45,0.875,3,100
45,0.125,3,80
5,0,2,35
25,0.125,3,5
5,1,2,75
5,0.875,2,85
45,0.25,2,35
25,0,3,5
45,0.375,2,53
5,0.5,2,68
45,0.625,3,86
45,0,3,9
45,0,3,4
45,0.5,2,70
45,0.5,2,50
5,0.75,2,80
45,0.375,3,33
25,1,2,85
25,0.875,2,90
5,0.125,2,18
5,0.25,2,15
45,0.625,2,58
5,0.875,2,73
45,1,3,95
45,0.875,3,84
5,0.625,2,93
25,0.625,3,56
5,0.25,2,31
45,0,3,2
45,0.125,3,10
25,0.375,2,47
45,0.75,3,90
25,0.875,2,82
25,0,3,1
5,0.25,3,5
45,1,3,99
45,0.5,2,10
25,0.75,2,12
5,0.5,3,79
25,0.5,2,74
5,0.75,2,93
5,0.5,2,19
5,0.75,2,81
25,0.625,3,82
45,0.625,3,51
25,0.25,2,45
5,0.375,2,59
5,0,2,11
25,0.5,2,18
5,0.375,2,20
25,0.375,2,58
25,0.75,2,60
25,0.875,3,95
45,0.25,3,7
25,0.625,3,90
45,1,3,85
45,0.75,2,50
25,0.125,3,9
45,0.25,3,11
5,1,1,70
5,0.875,2,18
45,0.75,2,73
45,0.375,2,25
25,0,2,11
25,0.125,1,33
5,0.375,1,51
25,0.25,2,9
5,0.625,2,23
5,0,2,7
5,0.625,2,83
25,0.75,2,80
45,0.125,3,3
25,1,3,95
25,0.25,2,31
5,1,2,85
5,0.125,2,9
45,0.875,3,92
25,0.375,3,20
25,0.625,1,53
45,0.25,2,25
25,0.75,2,85
5,0.625,2,63
5,0.625,2,65
45,0.625,2,82
45,0.25,2,10
25,0.75,2,89
25,0,3,1
45,0.125,3,4
5,0.25,3,65
25,1,3,100
5,0.875,3,75
25,0.5,3,31
45,0.875,3,85
45,0.75,1,54
5,0.375,3,60
5,0.5,3,60
45,1,2,86
25,0.25,2,46
25,0.875,3,100
25,0.875,2,88
25,0.875,3,94
5,0.5,1,82
45,0,3,1
45,0.625,3,50
5,0.375,2,40
25,0.375,1,53
25,0.5,2,64
45,0.5,2,67
25,1,2,100
25,0.25,2,14
5,0.75,2,90
45,1,3,100
5,0.75,3,60
5,0.375,1,5
45,0.375,2,6
25,0.25,2,10
45,0.875,2,77
45,0,1,58
5,0.25,3,20
45,0.5,2,19
5,0,3,0
45,0,3,0
5,1,3,99
5,0.75,3,99
5,0.125,3,20
25,0.75,2,68
45,0.5,1,44
25,0.125,3,0
45,0.875,3,100
5,1,3,98
5,0,3,3
45,0.125,3,16
25,0,2,16
5,0.125,3,3
45,0.25,2,31
5,1,3,80
5,0.5,3,40
5,0.875,1,80
45,0.625,2,74
45,0.125,3,0
25,0.625,2,82
45,0.75,2,51
25,0.375,2,20
25,1,2,74
5,0,3,20
5,0.875,3,80
45,0.375,2,47
5,0.625,3,80
5,0.25,3,20
25,0,3,0
5,0.125,3,20
25,0.5,3,40
45,1,3,100
25,0.125,2,15
25,0.125,2,16
25,0.375,2,23
45,0.375,2,39
45,0.75,2,93
25,0.625,2,66
5,1,3,90
25,0.25,3,21
5,0.5,1,55
5,0.375,1,55
45,0.5,2,45
25,0.625,2,60
5,0,2,20
25,1,2,76
45,0.25,2,41
25,0.5,1,50
5,0.625,2,86
45,0,2,18
5,0.375,1,24
45,0.5,1,68
5,0.75,1,68
5,0.75,1,56
45,0.75,1,62
5,0.25,1,54
25,0.25,1,44
45,1,3,95
25,0,3,5
45,0.125,3,10
5,1,1,89
5,0.25,1,13
5,0.625,1,45
5,0.125,1,34
25,0.375,1,26
45,0,3,7
45,0.875,3,96
25,0,3,6
25,0.75,2,45
45,0.875,2,66
25,0,2,65
45,0.75,2,80
45,0.125,3,7
45,0.875,2,85
45,0.625,1,65
25,0.5,1,44
25,0.5,1,55
5,0.375,1,53
5,0.5,1,54
5,0.125,1,13
5,0.75,1,77
45,0.5,1,51
5,0.875,1,63
25,0.125,2,28
25,0.375,2,41
25,0.375,1,44
5,0.25,1,55
5,0.875,1,77
25,0.625,1,58
45,1,2,90
45,0.25,3,10
45,1,3,89
45,0.375,2,42
45,0.75,2,76
5,0,1,40
45,0.625,1,44
25,0.875,1,69
25,1,3,91
25,1,3,92
5,0.125,1,36
45,0.375,1,46
5,0,2,30
25,0.125,1,24
25,0.125,3,12
25,0.25,3,16
45,0,3,8
25,0.75,3,87
25,0.625,2,70
25,0.75,2,77
5,0.625,1,60
25,0.875,2,87
5,0.875,1,87
5,1,1,85
5,0.5,1,58
45,0.375,1,45
45,0.125,1,36
45,0.25,1,37
45,0.625,2,66
25,0.875,2,63
5,0.625,2,75
25,0.5,2,60
25,0.875,3,80
5,0.625,3,80
45,0.875,3,95
45,0.75,3,85
45,0.25,3,20
45,0.875,3,90
25,0.125,3,5
5,0.125,2,25
25,0.125,2,20
45,0.25,2,35
25,0.75,2,45
5,1,3,80
5,1,1,40
25,0.875,3,93
5,0.5,1,59
25,0.25,3,30
5,0.5,2,86
5,0.375,2,40
5,0.875,1,40
25,0,2,25
45,0.625,3,75
5,0.625,2,31
5,0.75,2,83
25,0.625,3,75
5,0,2,16
25,0.125,1,40
5,0.25,2,15
5,0.25,1,32
25,0.375,2,40
45,1,3,94
45,0.875,3,80
45,0.125,3,15
5,1,2,70
45,0.625,2,62
25,0.5,2,70
25,0.875,1,70
25,0.625,3,80
5,0.5,2,65
45,0.75,3,90
25,0.25,2,65
5,0.75,3,95
25,1,3,86
45,0.625,3,89
25,0.5,2,38
25,1,3,65
45,0.375,3,70
5,0.375,1,63
5,0,2,20
5,0.125,1,39
25,0.625,2,76
5,0.875,3,84
25,0.375,3,30
5,0.25,2,31
25,0.75,2,70
45,0.125,3,26
25,0.75,1,40
5,0.875,2,65
45,0.25,3,20
45,0.5,3,30
45,0,3,9
25,0,1,57
45,0.375,3,25
45,1,3,91
45,0.5,2,64
45,0.125,3,6
5,0.375,1,27
25,0,3,10
5,0.75,2,35
5,0.125,2,20
25,0.25,2,13
45,1,3,92
5,0,2,22
25,1,3,89
45,0.75,3,79
45,0.5,2,68
45,0,3,7
45,0,3,13
25,0.375,1,59
45,0.375,3,14
25,0.5,2,73
5,0.25,1,17
45,0.375,2,61
45,1,3,100
45,1,3,100
45,0.75,2,59
25,0.25,1,9
45,0,1,13
5,0.25,1,37
25,0.75,1,82
5,0.625,1,40
45,0.25,1,12
45,0.875,3,100
25,0.125,1,9
5,1,1,100
25,1,1,100
5,0.875,1,100
45,0.125,3,0
45,0.625,1,44
25,0.25,1,17
5,0.375,1,40
5,0.75,1,100
5,0.125,1,40
25,0.5,1,51
25,0.625,1,61
25,0.75,1,95
25,0.625,1,49
45,0.5,1,50
5,0,1,0
45,0.25,1,38
25,0.875,1,78
45,0.625,1,77
5,0.625,1,80
5,0.625,1,60
45,0.5,1,32
45,0.75,1,79
25,0,1,0
5,0.75,1,80
5,0,1,0
25,0.75,1,69
45,1,1,88
25,0,1,0
45,0.5,1,60
5,0.875,1,80
25,1,1,100
25,0.125,3,0
45,0.375,1,12
25,0,1,8
45,0.875,1,92
25,0.625,1,88
5,0.125,1,0
25,0.5,1,20
5,0.375,1,60
5,0.375,1,20
25,0.25,1,27
45,0,3,0
25,0.875,1,86
45,0.875,1,81
45,0.125,1,8
25,0.375,1,30
25,0.875,1,100
5,0.5,1,80
45,0.125,1,23
45,0.625,1,61
5,0,1,20
45,0,3,0
5,0.875,1,80
25,0.375,1,14
25,1,1,90
5,0.75,1,60
5,0.125,1,0
5,0.5,1,60
5,0.5,1,40
45,0.25,1,27
5,0.25,1,20
45,0.75,1,92
5,1,1,100
25,0.125,1,35
5,1,1,80
25,0.375,1,31
45,0.375,1,39
25,0.75,2,17
25,0.375,2,7
45,0.875,2,29
45,0,1,17
25,0.5,2,11
25,0.375,1,29
45,0,3,0
45,0.625,2,45
5,0.5,1,10
45,0.75,3,75
25,0,2,18
25,0.75,2,24
45,0.375,2,23
45,0.25,2,22
25,0.875,2,58
45,0.75,1,28
45,0.875,2,45
45,0.5,3,27
25,0.125,1,12
25,0.75,1,20
25,0,1,22
5,0.875,1,31
5,0.75,2,28
25,0.125,2,28
25,1,2,16
25,0.625,2,14
45,0.5,1,24
5,0.125,1,5
5,0.25,1,10
45,0.125,2,10
5,0,1,6
25,0,2,18
25,0.25,3,6
25,0.375,2,35
45,0.875,2,29
5,0.125,2,10
45,0.375,2,29
5,0.375,1,31
45,0.375,2,21
25,0.625,2,24
25,0.25,1,15
25,0.25,2,21
5,0.875,1,19
5,1,2,17
45,1,2,54
25,0.125,1,19
5,0.75,1,29
25,0.5,1,28
5,0.375,2,23
5,0.625,1,16
45,0.625,2,41
5,0.875,2,37
45,1,2,36
25,1,3,71
45,0.25,1,24
5,0.75,2,25
25,0.875,2,72
5,1,2,16
5,0.5,3,28
5,0,2,33
5,0,2,7
45,0,2,19
45,0.5,2,29
25,0.625,2,28
45,0.125,2,54
45,0.125,1,43
45,0.625,3,38
45,0.25,2,37
5,0.25,1,33
5,0.625,1,30
45,1,3,87
25,0.5,2,20
5,0.375,1,19
5,0.5,1,28
25,1,3,68
45,0.75,2,45
5,0.625,2,19
5,0.125,2,33
5,1,3,24
5,0.25,2,24
25,0.875,2,27
25,1,2,54
5,0.875,1,18
5,0.75,2,18
45,0.125,2,22
25,0.5,2,42
5,0,1,22
5,0.25,1,5
25,0.625,2,32
5,1,1,35
5,0,1,33
45,0.125,2,39
25,0.125,1,26
25,1,2,65
45,0.25,2,29
25,0.375,1,27
25,0,1,23
25,0.25,2,32
5,1,2,49
45,0.5,1,31
5,0.5,1,41
5,0.5,1,19
25,0,3,9
25,0.875,1,32
45,0.25,2,34
45,0.75,3,33
5,0.25,1,9
45,0.5,2,42
45,0.75,2,43
45,0.375,2,31
45,0.25,1,20
45,0.625,1,19
5,0.125,1,12
45,0.875,2,26
45,0.375,1,21
5,0.125,1,10
25,0.375,1,22
25,0.125,1,14
45,0.875,2,33
25,0.75,2,28
25,0.75,1,48
45,1,1,30
5,0.875,1,28
45,1,2,39
25,1,1,24
5,1,1,12
5,0.375,2,12
5,0.25,1,11
5,0.625,1,7
45,0.625,2,29
5,0.375,1,15
5,0.625,2,9
25,0.125,2,1
5,0.75,2,4
45,0.875,2,16
25,0.875,2,31
25,0.25,1,4
25,0.5,2,20
45,1,2,31
45,0,1,3
25,0.625,2,20
25,0.625,2,28
25,0.5,2,18
5,0.625,1,3
25,0.75,1,17
45,0.375,1,17
5,0.5,1,6
5,0,1,3
5,0.875,2,11
45,0.75,2,20
5,0.375,3,4
45,0,1,1
25,0.375,2,9
45,0,1,22
5,0.125,1,3
25,0.875,2,27
25,0,1,25
45,0.5,1,33
25,0.25,1,16
45,0.125,1,1
45,0.625,2,26
5,0.75,1,7
5,0.625,2,2
5,0.5,2,2
45,0.875,2,20
45,1,2,30
5,0.125,2,3
5,0.5,3,3
5,0.375,3,1
45,0.875,2,35
25,0.875,2,17
25,0.25,3,6
45,0,3,0
25,1,2,21
25,0.875,3,15
5,0.125,3,1
5,0.75,3,5
5,0.625,3,4
45,0.5,2,25
5,1,3,4
45,0.25,3,11
45,0.875,2,30
25,0.25,2,4
25,0.125,3,0
25,0.875,2,18
45,0.75,2,30
5,0.375,2,3
45,0.625,2,16
5,1,3,5
45,1,2,30
45,0.625,2,18
25,0.75,3,15
5,0.125,3,0
5,0.75,3,3
25,0.125,2,4
45,0.125,2,6
45,0.125,3,0
45,1,2,39
25,0.375,2,5
25,0.75,2,16
5,0,3,1
25,0.75,2,23
25,0.125,2,7
5,0.25,3,1
5,0.625,2,3
25,0.5,3,8
25,1,2,22
5,0,2,1
5,0.875,2,4
25,0.625,2,10
5,0.375,2,6
45,0.375,2,11
25,0.5,2,8
25,0.625,2,12
5,0.25,1,9
45,0.375,3,10
45,0.75,2,24
25,0,2,4
5,0.5,2,3
25,0.25,2,8
45,0.375,3,17
45,0.5,3,16
45,0.5,2,15
45,0,2,9
5,0.25,3,2
25,0.625,3,18
45,0.625,2,30
5,0.875,2,5
5,0.875,2,4
25,0.5,2,16
5,0,2,0
25,0,3,0
45,0.25,3,5
5,1,2,5
45,0.125,3,12
45,0,3,7
5,0.75,3,4
45,0.75,2,31
25,1,2,24
25,0.375,3,13
25,0.375,3,9
25,0,3,0
45,0.25,3,18
45,0.625,3,80
45,0,3,0
25,0.5,2,50
5,0,2,45
5,0.5,3,50
25,0.875,3,93
5,0.625,2,81
25,0.625,3,82
5,0.625,2,75
45,1,3,86
45,0.5,2,74
25,0.375,2,63
45,0.875,3,89
45,0.375,3,80
5,0.375,2,74
45,0.25,3,18
5,0.125,3,19
45,0.625,2,80
25,0.125,3,8
25,0.125,3,22
5,0.5,2,43
25,0.375,2,15
5,0.625,2,70
25,0.25,2,18
5,0.75,2,70
5,0,2,57
25,1,3,87
45,0.5,2,14
5,0.375,2,57
5,0.5,2,50
5,0.125,2,56
45,0.75,2,70
5,0.875,2,56
5,0.375,2,62
5,1,3,100
5,0.875,3,91
25,1,3,93
45,0.125,3,9
45,0.25,3,11
5,1,2,36
45,0.875,3,100
45,0,3,0
45,0.125,2,12
45,0.75,2,93
45,0.75,3,87
5,1,2,81
45,0.875,1,61
25,0.375,2,27
5,0.25,2,17
25,0,3,1
25,0,3,1
5,0.75,2,82
45,0.5,2,84
25,0.75,2,50
25,0,2,24
45,0.125,3,0
5,0,3,1
45,0,3,20
45,1,3,100
5,0.125,3,0
45,0.375,3,16
25,0.875,3,100
25,0.625,2,74
5,0.25,2,17
25,0.5,3,82
25,0.25,3,62
45,0.375,3,82
5,0.25,3,91
25,0.75,3,83
25,0.25,3,26
25,0.125,3,0
25,0.625,2,52
25,0.5,3,75
25,0.75,3,92
5,0.875,3,100
25,0.875,3,80
45,1,3,100
25,1,3,100
45,0.25,2,14
5,0.75,3,82
45,0.625,2,50
25,0.125,3,34
45,0,2,15
25,0,3,40
25,1,3,66
25,0.125,2,38
45,0.875,2,82
25,0.25,3,23
5,0.375,2,48
45,0.375,2,31
5,0.5,1,53
45,0.625,2,65
5,0.625,1,53
5,0.625,2,47
5,0,1,52
5,0.75,1,31
25,0.375,2,42
25,0.625,2,62
45,0.25,2,45
25,0.875,2,91
5,0.625,2,53
5,0.75,1,48
5,0.875,1,59
45,0.625,3,62
25,0.125,3,24
5,1,1,69
5,0.375,2,41
45,0.875,3,98
5,0.5,2,33
5,0.25,1,40
25,0.5,1,65
25,0,3,11
45,0.875,3,90
45,0,3,4
5,1,1,61
25,1,3,86
5,0.875,1,70
45,0.25,3,33
5,0.125,2,48
5,0.375,2,46
45,0.25,2,23
5,0.75,2,56
5,1,2,59
25,0.375,3,44
5,0,1,35
25,0.75,3,83
25,0.25,1,34
25,0.75,3,80
45,0.125,3,2
45,0.125,3,10
25,0.5,2,40
25,0.75,2,57
5,0.25,2,41
25,0.875,3,81
45,1,3,86
25,0,2,23
45,0.75,2,57
5,0.5,2,53
45,0.5,2,58
5,0.125,1,55
25,0.625,1,57
45,0.75,2,79
5,0,2,40
45,0.625,2,79
25,0.375,2,30
45,0.375,2,45
45,0.5,3,39
45,1,2,84
5,0.125,1,43
45,0.375,3,44
25,0.5,1,51
45,1,3,91
25,0.625,1,54
25,0.875,3,56
5,0.25,2,58
45,0.75,3,92
45,0,2,9
25,1,2,81
45,0.125,3,38
5,0.875,1,70
45,0.5,2,60
25,0.25,2,55
45,1,2,77
25,0.25,2,21
45,0.25,2,29
25,0.5,2,23
45,0.25,2,24
45,0.375,2,12
25,0.375,2,69
45,0.875,2,78
25,0.375,2,72
5,1,2,85
25,0.5,2,27
5,0.5,2,27
25,0.25,2,63
5,0,2,28
5,1,2,23
45,0,2,12
45,1,2,85
5,0.25,2,71
5,0.125,2,73
25,0.75,2,60
5,0,2,69
25,0.25,2,40
5,0.875,1,63
25,0.125,2,20
45,1,3,85
45,0.75,2,73
45,0.375,2,25
25,0.625,2,74
5,0.75,2,64
25,0.625,2,27
25,0.125,2,20
25,0.5,2,61
5,0.25,2,31
45,0.125,3,13
45,0.625,2,78
45,0.5,2,31
25,0.875,2,72
5,0.625,2,66
25,1,2,86
45,0.5,2,74
5,1,2,75
25,0,2,20
5,0.25,2,50
5,0.875,2,63
25,1,2,85
5,0.125,1,71
45,0.875,2,88
45,0.875,2,77
5,0.375,2,70
5,0.125,2,78
45,0.75,2,82
45,0.5,1,65
25,1,2,78
25,0.75,2,67
45,0.125,2,71
25,0.75,2,75
25,0,2,33
5,0.625,2,26
25,0.125,2,76
25,0.375,2,34
45,0,2,29
5,0.5,2,78
5,0.375,2,28
5,0,2,27
5,0.5,2,15
25,0,2,10
25,0.875,2,74
45,0.125,2,12
5,0.625,2,26
25,0.625,2,73
45,0.25,2,23
45,0.625,2,66
5,0.75,2,34
25,0.875,2,75
45,0,2,23
45,0.625,2,70
5,0.875,2,66
5,0.375,2,40
45,0.75,2,68
5,0.75,2,36
45,0.375,2,20
5,0.75,3,25
25,0.625,3,54
5,0,3,0
45,0.25,3,38
45,0.125,3,26
45,0,3,0
5,0.125,3,0
45,0.5,3,59
45,0.625,3,43
5,0.125,3,10
25,0,3,0
5,0.25,3,20
5,0.5,3,60
25,0.25,3,15
45,0.25,3,16
25,0.125,2,15
5,0,3,20
25,0.875,3,90
25,0.75,3,92
25,0.25,3,34
45,0.75,3,88
45,0.375,3,78
25,0.875,3,80
25,1,3,100
25,0.5,3,56
45,0.875,3,100
25,0.5,3,32
45,1,3,87
45,0.75,3,81
25,0.125,3,15
25,0.625,3,68
25,0,3,8
45,0.625,3,70
45,0,3,0
25,0.5,3,55
25,0.625,3,46
5,0.75,3,80
25,0.75,3,76
5,0,3,0
45,1,3,100
45,0.125,3,0
25,1,3,92
5,0.25,3,40
25,0.375,3,48
25,0.875,3,100
5,1,3,100
45,0.5,3,33
45,0.5,3,74
45,0.625,3,79
25,0.125,3,0
5,0.75,3,16
5,0.375,3,20
45,0,3,34
25,0.375,3,45
5,0.25,3,20
45,0.75,3,66
5,0.625,3,60
5,0.625,3,20
5,0.375,3,40
45,0.125,3,18
5,1,3,80
25,0.25,3,45
5,0.375,3,60
5,0.5,3,40
5,0.875,3,80
25,0.375,3,48
5,0.625,3,80
5,0.125,3,20
25,0,3,25
45,0.375,3,24
5,0.5,3,60
45,0.875,3,85
45,1,3,100
45,0.25,3,32
45,0.875,3,83
5,1,3,100
5,0.875,3,80
25,0.75,3,90
5,0.875,3,100
25,1,3,100
45,0.375,3,76
25,1,3,95
25,0,3,5
45,1,3,95
5,1,1,70
45,1,3,95
5,0.125,1,20
45,0.875,3,85
45,0.75,2,70
5,0.5,2,60
5,0.25,1,20
25,0.875,2,72
45,0.5,2,20
25,0.125,2,12
45,0.5,1,55
25,0.625,1,58
5,0.375,1,40
5,0,1,5
5,0.75,1,80
25,0.75,2,68
25,0.875,2,85
5,0.125,1,20
45,0.875,2,72
5,0,1,6
25,0,1,15
5,1,1,95
45,0.375,2,30
5,0.875,1,80
45,0.125,2,24
45,0.25,2,30
25,0.375,2,35
25,1,2,86
45,0.625,3,73
25,0.625,2,76
5,0.25,1,20
5,1,1,80
45,1,3,83
25,1,2,77
25,0.75,2,58
25,0.25,2,43
5,0.875,1,95
45,0.125,3,7
5,0.625,1,87
45,0.375,3,14
25,0.5,2,51
5,0.75,1,92
25,0.25,2,11
45,0.75,3,55
45,0.5,2,57
5,0.125,1,20
25,0.875,2,86
25,0.5,1,51
5,0,1,20
45,0,3,5
45,0.375,2,52
45,0.75,2,84
25,0.75,2,83
5,0.375,1,20
45,0.875,2,65
25,0.125,2,35
25,0,2,35
45,0.125,2,18
5,0.625,1,40
25,0.5,1,46
25,0.375,1,52
5,0.25,1,40
45,0.25,2,20
45,0.25,2,48
25,0.625,1,45
25,0.25,1,17
5,0.375,1,60
5,0.75,1,60
25,0.125,1,5
45,0,2,22
5,0.625,1,60
45,0,3,7
5,0.5,1,60
45,0.625,2,56
25,0.375,1,34
45,0.625,1,50
5,0.5,1,40
5,0.875,1,80
25,0.75,2,85
25,0.875,1,80
25,0.875,1,77
25,0.25,2,10
5,0.375,2,50
45,0.25,2,20
5,0.75,3,97
5,1,2,92
45,0.25,1,45
45,0.75,1,65
45,0.75,1,90
25,0.5,1,20
25,0.5,1,70
5,0,1,15
45,0.625,1,75
25,0.625,1,50
5,0.25,1,25
5,1,1,60
45,0.75,1,82
5,0.625,1,21
45,1,1,79
25,0,1,5
25,0,2,3
45,0.5,1,75
45,0,1,47
25,0.375,1,45
5,0.125,1,32
5,0.375,1,20
5,0.75,1,83
5,0.375,1,18
25,0.625,1,70
45,0.125,1,15
45,0.125,1,40
45,0,1,5
45,0.5,1,60
45,0.125,1,15
45,0.875,1,90
5,0,1,34
25,1,1,99
5,0.5,1,50
25,0.125,1,30
5,0,1,10
5,1,1,89
25,1,3,96
45,1,3,100
5,0.25,1,25
5,0.5,1,50
5,0.875,1,50
25,0.625,1,71
45,0.625,1,45
5,0.125,1,20
5,0.5,1,60
5,0.625,1,75
45,1,3,100
25,0.875,3,95
5,0.25,1,30
5,0.125,1,32
5,0.875,1,79
5,0.625,1,62
25,0.75,1,70
45,0.375,1,45
25,0.25,1,15
45,0.375,1,54
45,0.875,1,74
5,0.75,1,60
25,0.75,1,71
25,0.375,1,48
25,0.125,1,10
25,0,1,15
45,0.5,1,41
5,0.875,1,60
45,0.875,1,89
45,0.375,1,21
45,0.625,1,80
25,0.375,1,15
25,0.5,1,65
25,0.125,1,15
25,0.25,1,31
25,1,1,70
45,0.25,1,35
45,0,2,0
25,0.125,2,15
45,0.25,2,45
45,0.125,2,10
45,0.625,2,55
5,0.375,3,66
25,0.125,3,0
45,0.75,2,25
5,0,3,0
45,0.125,3,12
5,0.875,3,4
5,0.5,3,3
45,0.75,3,30
25,0.625,2,22
25,0.25,2,40
45,0.875,1,41
45,0.375,1,16
5,0.375,2,3
45,0.75,2,41
25,0.75,2,37
5,1,3,100
5,0.75,2,62
25,0.625,3,67
45,0.25,2,9
5,0.5,2,36
25,0,3,0
45,0.375,3,50
45,1,3,100
25,0.875,2,76
45,0,3,0
25,0,3,0
5,0.25,3,16
5,0.25,3,15
25,0,3,4
5,0.125,3,10
5,0.125,3,10
5,0,3,10
25,0.375,1,24
45,0,3,14
5,0.875,3,90
45,0.25,2,14
5,1,3,90
45,0.5,2,66
45,1,3,92
45,0,3,0
25,0.25,3,5
25,0.5,2,38
5,0.5,2,60
5,0.75,2,60
5,0.625,3,85
5,0.375,3,15
25,0.375,2,20
25,1,3,100
5,0.75,3,100
5,0.125,3,15
25,0.75,3,95
25,0.5,2,71
45,0.625,2,78
45,0.875,2,70
45,1,3,100
5,0.875,3,100
5,0.25,3,40
5,0.625,3,66
45,0.5,1,50
25,1,3,100
25,0.875,2,64
25,0.875,3,100
25,1,2,84
45,0.5,2,54
25,0.5,2,46
25,0.25,2,39
25,0.125,2,25
45,0.375,1,37
5,0.625,3,33
5,0,3,0
45,0.625,2,43
45,0.875,1,89
25,0.375,2,57
25,0.75,2,59
25,0.625,1,52
5,1,3,100
45,0.125,3,0
45,0.125,3,40
45,0.125,3,0
25,0.875,3,75
5,0.25,3,10
25,0.625,3,50
5,0,3,0
45,0.25,3,40
45,0.5,3,40
5,0.5,3,30
5,0.375,3,10
25,0.5,3,30
25,0.375,3,40
45,1,3,100
45,0.375,3,40
5,0.25,3,5
25,0.25,3,5
45,0.75,3,95
45,0.875,3,95
25,0.75,3,98
25,0,3,0
25,1,3,100
45,0.25,3,10
45,1,3,100
5,1,3,5
5,1,3,10
25,0.875,3,100
25,0.375,3,30
5,0.75,3,10
25,0.75,3,50
5,0.5,3,10
5,0.125,3,0
25,0.875,3,40
25,0,3,0
45,0,3,0
5,0.75,3,20
45,0,3,15
45,1,3,95
25,0.125,3,30
45,0.375,3,40
45,0.625,3,60
45,0.5,3,60
5,1,3,10
5,0.625,3,10
5,0.375,3,10
5,0.875,3,10
5,0,3,5
25,0.75,3,60
25,0.625,3,60
45,0,3,0
5,0.5,3,5
5,0.75,3,5
25,0.5,3,50
5,0.375,3,5
5,0.25,3,5
25,0.125,3,0
45,0.625,3,85
5,0.125,3,5
45,0.375,3,50
45,0.875,3,100
25,1,3,100
45,0.5,3,80
5,0.875,3,10
25,1,3,90
25,0.5,3,65
45,0.625,3,40
25,0.375,3,35
5,0.625,3,10
5,0.125,3,10
45,0.875,3,80
5,0.875,3,10
45,0.75,3,50
25,0.625,3,90
25,0.25,3,10
45,0.75,3,95
5,0,3,10
25,0,3,15
25,0.25,3,20
5,0.625,3,10
25,0.125,3,20
45,0.125,3,15
45,0.25,3,20
45,0.125,1,29
45,0.875,1,72
45,0.625,1,54
5,0.625,2,4
45,0.5,1,21
5,1,2,8
25,0.5,2,13
25,0.625,2,20
25,0.125,1,8
45,0.5,2,19
45,0.375,3,10
25,0.5,3,16
25,0.625,3,16
5,0.75,3,5
5,0,1,1
5,0.625,2,2
45,0.625,3,28
5,0.125,3,1
5,0.875,2,5
5,0.5,2,3
25,0,2,4
45,0.375,2,24
5,0.75,3,4
25,0.75,3,23
25,0,3,0
25,0.875,3,23
5,0.875,3,4
45,0.625,2,34
45,0.25,3,5
5,1,2,5
25,0.625,3,12
45,0.75,3,33
5,0.625,3,3
25,0.25,2,10
45,0,2,0
25,1,3,25
25,0.25,3,6
45,0.875,2,32
25,0.75,3,19
25,1,2,23
45,0.875,2,37
25,0,3,0
5,0.125,3,0
25,0.875,3,18
25,0.375,3,13
5,0.25,2,1
45,1,1,40
25,0.375,2,6
5,0.125,3,1
45,0.75,2,26
25,0.5,2,9
25,0.25,2,3
45,1,1,39
5,0,3,0
5,0.25,3,1
25,0.875,3,24
45,0,3,7
25,0.125,3,7
45,0.25,2,11
45,0.125,2,0
5,0.5,2,3
25,0.125,3,0
5,0.875,2,4
45,0.5,3,28
5,0.75,3,3
5,0.375,3,3
5,1,2,4
25,0.75,3,15
45,0.75,1,40
45,0,3,0
5,0.5,2,2
5,0.375,2,2
25,0.375,2,9
5,0.25,3,2
25,1,1,31
45,1,2,40
45,0.125,3,6
5,0.375,3,2
45,0.25,2,18
45,0.375,3,17
5,0,2,1
5,0.125,2,10
25,1,2,100
5,1,2,90
5,0,2,10
25,0.875,2,90
5,0,2,0
5,0.875,2,100
5,0,2,0
45,0,2,1
5,0.25,2,50
25,0.75,2,80
45,1,2,100
25,0.5,2,70
5,0.375,2,50
5,0.75,2,50
25,0,2,20
25,0.375,2,50
45,0.625,2,21
45,0.5,2,60
25,0.25,2,40
5,0.625,2,30
25,0.25,2,25
5,0.75,2,55
5,0.25,2,25
45,0,2,15
45,0.5,2,50
45,1,2,80
45,0.125,2,15
45,0.875,2,90
45,0.75,2,55
25,0.625,2,65
45,0.375,2,25
25,0.25,2,20
25,0.125,2,35
45,0.75,2,80
5,0.375,2,60
25,0.875,2,90
5,0.5,2,50
25,0.75,2,85
5,0.125,2,15
5,0.875,2,75
5,0.5,2,45
25,1,2,80
25,0.5,2,45
45,0.375,2,50
5,0.625,2,50
45,0.625,2,60
5,0.75,2,20
45,0.125,2,15
25,0,2,15
5,0.625,2,80
45,0.375,2,50
25,0.125,2,15
25,0.375,2,25
45,1,2,30
5,0.875,2,80
5,1,2,80
5,0.375,2,20
45,0.25,2,40
45,0.625,2,50
45,0.25,2,35
45,0.5,2,50
5,0.25,2,30
5,1,2,70
5,0.5,2,65
45,0.125,2,45
45,0.25,2,25
25,1,2,85
25,0.375,2,35
45,0.875,2,75
25,0.75,2,50
25,0,2,25
45,0,2,25
25,0.625,2,55
25,0.625,2,50
25,0.5,2,50
45,0.75,2,80
25,0.125,2,20
5,0.125,2,20
25,0.875,2,70
45,0.875,2,70
25,0.125,3,0
45,0.625,2,74
5,0.375,3,40
45,0.625,2,65
5,0.625,3,40
25,1,3,100
45,0.875,3,100
45,0.75,2,60
5,0.375,3,20
45,0.75,2,78
45,0.625,1,55
45,0.25,1,39
45,0.375,1,80
45,0.5,1,65
5,0,3,0
25,0.375,1,35
5,1,3,80
5,0.25,3,20
45,0.125,2,18
45,0.875,1,70
25,0.375,2,25
5,1,3,100
45,0.125,3,0
25,0.625,2,50
5,0.25,3,20
5,0.75,3,80
25,1,3,82
5,0.5,3,60
5,0.875,3,80
45,1,3,100
5,0.875,3,80
5,0.5,3,60
45,1,2,80
5,0.75,3,100
25,0,3,0
5,0.125,3,20
45,0.5,3,50
5,0.25,3,40
5,0.625,3,60
45,0.875,3,82
45,0.5,3,40
25,0.25,2,50
25,0.25,3,80
5,0.375,3,60
25,0.125,1,30
5,0,3,20
25,0.25,2,76
25,0.75,2,70
25,1,3,100
25,0.875,3,80
25,0,2,32
45,0.75,2,80
5,0.75,3,60
45,0.375,1,60
5,0,3,0
25,0.5,3,25
25,0.875,2,72
5,0.625,3,80
25,0.625,3,66
25,0.75,3,90
45,0.25,1,19
25,0,3,0
25,0.625,2,75
25,0.5,2,50
25,0.5,2,65
25,0.75,1,60
45,0.125,1,30
45,1,3,100
25,0.875,3,100
45,0,3,82
5,0.875,3,100
45,0,3,0
25,0.375,2,60
45,0.375,3,38
45,0,3,0
45,0.25,3,33
5,1,3,100
25,0.125,1,39
5,0.5,3,40
5,0.125,3,0
5,0.125,3,20
45,0.375,3,23
5,0.375,3,87
5,0.125,3,17
5,0.25,2,37
25,0.125,3,3
25,0.75,3,15
5,0.75,3,4
25,0.875,3,41
5,0.875,3,59
45,0.625,3,21
25,1,3,29
5,0.375,3,96
5,0.625,3,3
45,0.875,2,55
45,0.125,3,0
25,0,3,0
45,0.75,3,90
5,0.375,3,3
5,0.875,3,4
25,0,3,0
45,0.75,3,96
25,0.5,3,16
5,0,3,0
5,0.5,3,3
5,0.125,3,1
5,1,3,5
25,0.25,3,82
45,0,3,7
45,1,3,100
25,1,3,96
5,0.625,3,34
45,0.25,3,5
5,0.625,3,3
25,0.5,3,9
5,0.875,3,5
25,0,2,9
45,0.5,2,65
5,0.75,3,4
45,0.25,3,17
45,0.875,3,100
25,0.5,3,12
25,0.75,3,98
25,0.625,3,11
5,0.75,3,5
5,0.25,3,1
45,0.875,2,94
25,0.625,3,91
25,0.875,3,93
5,0,3,2
25,0.25,3,10
5,0.5,3,2
25,1,3,100
45,0.5,3,30
5,0.5,3,4
45,0.625,3,90
45,0.625,3,86
45,0.125,3,6
5,0.125,3,0
25,0.375,1,31
25,0.875,3,100
45,0,3,0
45,1,3,100
45,0.375,1,48
5,1,3,5
25,0.125,3,0
5,1,3,5
25,0.25,3,3
45,0,3,0
25,0.375,3,9
5,0.25,3,1
45,0.375,3,10
45,1,3,93
25,0.75,3,94
45,0.25,3,11
25,0.125,3,7
25,0.375,3,6
45,0.125,3,12
25,0.625,3,19
45,0.75,3,30
45,0.5,3,16
5,0,3,0
25,0.75,3,76
25,0.375,3,32
25,0,3,10
5,0.5,3,51
5,0.25,3,38
45,0.75,3,78
45,0,3,86
5,0,3,36
45,1,3,78
5,0.375,3,59
45,0.125,3,9
25,0.625,3,53
45,1,3,91
45,0.375,3,54
45,0.25,3,35
25,0.5,3,72
45,0.125,3,20
25,1,3,80
45,0.625,3,53
5,0.875,3,73
5,1,3,74
25,0,3,21
45,0,3,13
45,0.625,3,72
5,0.875,3,52
25,0.125,3,24
5,0.75,3,81
25,0.25,3,18
25,0.625,3,71
25,0.625,3,64
25,0.25,3,42
25,0.75,3,43
25,1,3,83
45,0.625,3,75
25,0.5,3,55
45,0.25,3,19
5,0.25,3,30
45,0.5,3,45
5,1,3,84
25,0.25,3,16
5,0.5,3,53
5,1,3,81
45,0.25,3,31
5,0.125,3,28
25,0.875,3,78
45,0.75,3,79
5,0.5,3,43
45,0,3,11
5,0,3,19
25,1,3,86
5,0.875,3,87
45,0.5,3,31
25,0,3,9
5,0.375,3,15
5,0.125,3,14
45,0.375,3,9
25,0.375,3,14
5,0.625,3,45
5,0.625,3,53
45,1,3,89
5,0.25,3,15
25,0.875,3,79
25,0.75,3,54
45,0.875,3,89
45,0.875,3,90
25,0.5,3,53
45,0.375,3,40
5,0.125,3,44
25,0.125,3,13
45,0.875,3,83
25,0.875,3,80
5,0.75,3,66
5,0.625,3,59
25,0.125,3,10
45,0.5,3,68
45,0.125,3,14
5,0,3,14
5,0.375,3,20
25,0.375,3,35
5,0.75,3,84
45,0.75,3,78
45,0.625,2,56
5,0.125,2,12
25,0.75,3,98
5,0.5,2,63
25,0.25,2,21
45,0,2,15
45,0,3,2
25,0.375,2,58
25,0,3,0
25,0.75,2,55
5,0.875,3,88
25,0.875,2,91
45,0.75,2,81
45,0.625,2,88
45,0.375,2,54
25,0.375,2,13
5,0,2,1
25,1,2,64
45,0.875,3,100
25,0.375,3,16
5,0.625,2,50
25,0.5,2,65
5,0.875,2,57
45,0.75,2,81
5,0.375,2,59
45,1,2,88
25,0.5,2,22
5,0.25,2,7
5,0,2,8
5,0.125,2,43
25,0.75,2,87
45,0.375,2,49
45,1,2,100
45,1,2,99
25,0.625,2,83
45,0.125,2,16
5,0.625,2,89
45,0.125,2,1
25,0.875,2,96
45,0.5,2,34
5,0.5,2,14
45,0.875,2,78
45,0.25,2,10
5,0.75,2,99
45,0.25,2,41
5,0.25,2,1
5,0,2,3
5,1,2,100
45,0.875,2,55
45,0.625,2,32
45,0,2,53
5,1,2,90
5,0.875,2,97
25,0.625,2,69
45,0.5,2,50
25,0.25,2,24
5,0.75,2,51
5,0.625,2,48
25,0,2,51
25,0,2,1
25,1,2,45
45,0.25,2,21
25,0.125,2,12
25,0.875,2,78
5,0.375,2,58
45,0.375,2,56
5,0.75,2,10
45,0.75,2,69
45,0.5,2,79
25,1,2,78
45,0.125,2,29
25,0.125,2,0
5,0.125,2,8
5,0.5,2,92
25,0.25,2,33
5,0.25,2,33
25,0.5,2,49
5,1,3,100
5,0.375,2,8
25,0.625,2,83
25,0.125,2,31
45,0.875,3,100
25,0,3,3
45,0.25,2,26
5,0.375,2,60
25,0.5,2,50
45,0,3,0
5,0.375,2,20
45,0,2,10
45,0.25,2,10
5,1,2,90
25,0.75,2,75
5,0,2,9
45,0.5,1,51
45,0.5,2,35
5,0.875,2,80
25,0.625,2,71
5,0.25,2,40
25,0.75,2,90
5,0,3,3
5,0.625,2,80
45,0.25,2,20
5,0.75,3,96
5,0.75,2,83
25,1,2,97
45,0.125,2,8
25,0.875,2,97
45,0.625,2,72
5,0.125,3,2
25,0.875,2,78
45,0.875,1,70
25,0.5,2,36
45,0.125,2,22
5,0.875,3,95
5,0.125,2,20
25,0.625,2,70
25,0.375,2,50
25,0.5,1,69
45,0.5,2,61
25,0.25,2,22
5,0.5,1,58
45,0.375,1,71
5,0.875,3,80
25,0,2,16
5,0.5,3,60
25,0.125,3,13
25,0.875,2,88
5,1,3,98
25,0.625,2,50
45,0.125,3,0
45,0.375,2,55
5,0.625,2,40
5,0.25,2,20
45,0.375,2,16
25,1,3,100
25,0.375,2,20
45,0.875,3,86
25,0.25,3,13
25,0.125,2,24
45,1,3,100
5,1,3,80
25,1,3,74
45,0,3,0
25,0.125,3,0
25,0,3,0
5,0.625,2,60
25,0.75,1,59
45,0.75,3,90
5,0,3,20
5,0.25,3,20
45,0.75,3,65
5,0.125,3,20
45,0.625,3,43
25,0.25,2,38
45,0.75,2,74
5,0.375,2,40
5,0.5,1,58
5,0.75,3,60
25,0.375,2,25
45,1,3,100
45,1,3,85
45,0.625,2,86
45,1,3,99
25,0.5,1,50
25,0.25,2,18
5,0.375,2,15
25,0.875,2,93
5,0.125,3,10
45,1,3,94
5,0.25,2,41
25,0.375,1,22
5,0.625,2,92
45,0.25,3,25
5,0.625,1,39
45,0.625,3,80
25,0.25,3,8
5,0.75,3,100
25,0,3,5
25,0.5,2,68
5,0,3,4
45,0.125,3,14
45,0.875,2,70
5,0.375,2,65
25,0.5,2,72
45,0,3,0
25,1,1,65
5,1,3,97
25,0.375,2,55
5,0.875,2,88
45,0.625,1,76
5,0.5,2,50
25,0.125,2,0
45,0.5,2,55
25,0.875,2,69
45,0.875,3,100
45,0.875,2,76
25,0.25,2,41
5,0.375,1,44
25,0.75,2,83
5,0.5,2,60
25,0.625,1,51
25,0.75,1,61
25,1,3,89
5,0.125,2,15
45,0,1,23
45,0.25,3,6
45,0.375,2,53
45,0.75,2,82
5,1,1,57
45,0.5,2,62
25,0.625,2,76
5,0.875,1,61
25,0.875,3,100
5,1,1,92
5,0,3,2
45,0.125,3,0
45,1,3,100
25,0.375,1,48
45,0.75,1,57
45,0,3,0
45,0.125,2,29
5,0.125,1,47
5,0,1,36
25,1,3,99
5,0.75,2,66
5,0.875,2,83
25,0.125,2,28
45,0.5,2,70
5,0.25,2,26
25,0.125,2,63
5,0.25,2,84
45,0.375,2,70
25,0,2,20
25,0.75,2,76
45,0.375,3,31
45,0.25,2,40
5,0.5,1,44
5,0.625,2,69
45,0.75,3,85
5,0.75,2,84
25,0,2,13
45,0.625,2,54
25,0.625,2,44
45,0.625,3,78
45,0.375,3,38
45,0.5,2,60
5,0.875,2,78
45,0,3,4
45,0.125,3,92
45,0.875,3,93
45,0.75,2,77
25,0.625,2,60
5,0.625,2,38
25,0.75,3,57
25,1,3,98
25,0.375,2,56
5,1,2,80
45,0.25,2,40
25,0.875,2,65
45,0.25,3,22
5,0.625,2,82
5,0,2,9
5,0.875,2,91
5,0.125,2,19
45,0.625,2,49
5,0.375,2,20
5,1,2,90
5,0.375,2,46
25,1,3,97
45,0.375,3,11
45,0.5,2,51
45,0.375,2,57
5,1,2,91
5,0.5,2,44
45,0.25,3,27
5,0.25,2,23
45,0.875,3,98
5,0.5,3,60
5,0.125,2,10
5,0.125,2,20
25,0,3,4
45,1,3,99
5,0.25,2,40
5,0.75,3,80
25,0.875,2,85
5,0.375,2,56
25,0.25,3,40
25,0.625,2,67
45,0.5,2,34
25,0,3,2
5,0.75,2,91
45,1,2,87
45,0.125,3,16
25,0.125,2,22
25,0.125,2,2
45,1,3,98
25,0.75,2,90
45,0.625,3,82
25,0,2,24
25,0.25,3,31
5,0.875,2,86
5,0.625,2,57
5,0,2,43
45,0,3,15
25,0.5,2,22
25,0.5,2,54
25,0.375,3,28
45,0.125,3,1
45,0.75,3,91
45,0,3,1
45,0.75,3,60
5,0.5,3,60
25,0.75,2,73
25,0.125,2,18
25,0.5,2,51
25,0.25,3,25
45,0.875,3,73
25,0.625,2,51
5,0.75,3,61
5,0.25,2,20
25,0.875,3,96
25,1,3,76
25,0.375,3,28
5,0,3,9
25,0.5,1,64
5,0.25,2,60
5,0,3,44
25,0.25,3,35
5,0.25,1,54
5,0.5,1,46
25,0,1,66
5,0.375,1,31
5,0.25,3,63
45,0.125,3,0
25,1,3,100
25,0.25,3,7
25,0.75,3,91
5,0,2,73
45,0,1,15
45,0.125,3,18
45,1,2,14
25,1,3,100
25,0.625,1,65
5,0.375,3,28
45,0.25,3,19
5,1,1,37
5,0.75,3,100
5,0.625,2,60
5,1,2,35
25,0.875,3,85
25,1,3,51
45,1,2,80
25,0.875,1,39
45,0.75,2,53
45,0.875,3,81
25,0.375,1,24
25,0.75,3,65
45,0.125,2,37
5,0.625,1,47
45,0,1,45
45,0.375,1,50
45,0.5,3,42
25,0.5,1,18
45,0.25,2,24
25,0.875,2,27
25,0.125,1,37
5,0.75,2,60
45,0.625,1,80
5,0.5,1,43
45,1,2,62
5,0.875,2,51
5,0.125,1,43
45,0.75,1,61
5,0.75,1,42
25,0.25,2,33
45,0,2,27
45,0.875,1,46
25,0,1,45
5,0.375,1,42
45,0.5,1,62
25,0.625,1,59
25,0.375,1,34
45,0.5,2,54
45,0.625,2,54
5,1,2,43
5,0.875,2,67
45,0.75,1,60
5,0.125,1,44
45,0.375,3,27
45,0.375,2,37
25,0.125,2,66
5,0,2,41
45,0.625,3,64
45,0.25,2,43
25,0.375,2,36
25,0.75,1,12
25,0.625,2,42
45,0.875,2,31
5,0.125,2,38
25,0,2,30
5,0.5,2,40
5,0.625,1,41
5,0.875,2,58
25,0.125,1,39
25,0.5,1,36
25,0.375,2,29
45,0.375,3,50
45,1,3,100
5,0.125,1,38
25,1,2,80
5,1,1,73
5,0,1,10
45,0.625,2,85
25,0.5,1,51
25,0.875,2,66
45,1,3,100
5,0.625,1,76
25,0.75,2,74
5,0,1,20
45,0.5,2,60
45,0.75,2,69
5,0.875,1,73
5,0.25,1,20
5,1,1,79
25,1,3,100
5,0.375,1,63
45,0.5,2,37
25,0.625,2,68
5,1,1,83
5,0.75,1,73
25,0.75,2,91
45,0.75,2,63
25,0.25,2,18
45,0,3,11
45,0.875,3,100
45,0.875,2,74
45,0.375,2,43
5,0.125,1,27
25,0.625,1,51
45,0,3,0
5,0.5,1,50
5,0.375,1,31
45,0.5,2,67
45,0.125,2,13
45,0.125,3,0
25,0,3,5
5,0.5,1,59
25,0.25,1,39
25,0,2,21
25,0.375,1,35
5,0.75,1,60
5,0.625,1,64
45,0.375,2,15
5,0.375,1,39
45,0.25,3,16
5,0.25,1,36
45,1,3,86
25,0.25,1,35
45,0.75,3,95
25,0.125,3,4
5,0.75,1,79
5,0.875,1,77
5,0,1,26
5,0.125,1,29
25,0.875,3,94
45,0.25,2,37
25,0.625,2,61
45,0.125,2,22
25,0.875,2,85
5,0.5,1,68
5,0.875,1,73
45,0,3,2
5,0.25,1,30
25,1,3,95
25,0.75,1,59
25,0.5,2,50
25,0,3,5
25,0.375,1,50
5,0.625,1,37
25,0.125,3,10
45,0.625,2,46
45,0.625,2,66
45,0.875,3,87
25,0.5,2,65
45,0.25,1,48
25,0.125,2,37
45,0.875,2,80
25,0.5,3,50
5,0.5,3,40
25,0,3,15
5,0.75,3,48
25,0.75,3,75
5,0.125,3,20
5,0.875,3,80
45,0.375,3,60
5,0.375,2,31
5,0.375,2,54
25,0,3,0
25,0.375,3,15
25,0.25,3,15
5,0.25,3,30
45,0.875,3,92
45,0.125,3,28
25,0.125,2,38
25,0.75,3,91
45,0.375,3,63
5,0.875,3,80
25,0.5,2,63
5,1,2,80
25,0.625,3,72
5,0,2,58
45,0,3,0
5,0.25,3,80
45,0.25,3,32
5,0.5,3,60
5,0.125,3,60
25,0.75,3,85
25,0.625,3,66
45,0.375,3,33
5,0,2,34
25,0.875,3,100
25,1,3,100
45,0.5,3,36
45,1,3,82
45,0.125,2,45
5,0.75,3,100
25,0.875,3,90
25,0.125,3,0
45,1,3,80
25,1,3,99
5,0.625,3,60
45,1,3,100
25,0.875,3,72
45,0.625,2,51
45,0.75,3,65
25,0.125,2,55
25,0.25,2,67
45,0.25,3,10
25,0.25,3,41
25,1,2,59
45,0.5,3,62
45,0,3,0
5,0.625,2,55
5,1,2,48
25,0,3,0
25,0.375,3,60
45,0.125,3,10
5,0.5,2,45
5,0.25,3,20
45,0.625,3,85
5,0.875,3,100
5,0.625,3,69
25,0.5,3,66
45,0.875,3,100
25,0.625,3,88
5,0,2,45
45,0.25,3,47
45,0.75,3,54
5,0.75,2,38
45,0.75,1,35
5,0.375,3,41
25,0.375,2,56
5,0.125,2,61
5,1,3,57
45,0.5,2,82
45,0.625,3,77
45,0,3,32
25,0.375,1,11
45,0.875,3,95
5,0.875,3,80
25,0.75,1,51
25,0.375,2,21
5,0.375,3,20
5,0.625,3,80
5,0.125,3,20
5,0.75,3,60
45,0.5,1,72
45,0.125,1,20
45,0.625,2,77
25,1,3,100
25,1,3,100
45,0.875,1,83
45,0.125,1,10
25,0.625,1,39
45,1,3,100
25,1,3,97
5,1,3,80
5,0,3,0
45,0.75,1,74
5,0,3,0
5,0.875,3,100
5,0.875,3,100
45,0.875,3,100
45,0.75,2,50
45,0.75,3,98
5,0.625,3,40
5,0.375,3,40
5,1,3,100
5,0.125,3,0
25,0.75,3,98
45,1,2,95
5,0.5,3,60
45,0.125,3,0
45,0.5,1,63
5,1,3,100
45,0.375,2,10
45,0.375,2,51
5,0.75,3,100
25,0.875,3,99
25,0.875,3,96
5,0.5,3,40
25,0.375,3,50
45,0.25,3,8
25,0.5,1,80
25,0.875,3,100
5,0.25,3,20
45,0,3,0
25,0.75,2,83
25,0.625,2,63
5,0.25,3,40
25,0.125,3,0
5,0.625,3,60
25,0.25,3,95
25,0,3,0
25,0.125,2,36
45,0.25,2,42
25,0.125,2,25
5,0.125,3,20
45,0.5,1,33
25,0.5,1,54
5,0.375,2,40
25,0.5,2,27
5,0.5,3,60
45,0.625,2,50
25,0.25,2,29
45,0.625,1,72
25,0.625,1,84
45,0.25,1,20
45,0,2,11
45,1,3,100
45,0,3,0
25,0,3,0
5,0.75,3,80
5,0,3,20
5,0.25,3,20
25,0.25,2,33
25,0,2,20
45,0.375,1,34
5,0.375,3,3
25,0.875,3,25
45,0.75,2,39
25,1,3,25
25,0.875,3,18
25,0.875,2,26
25,1,2,26
5,1,3,5
45,0,3,7
5,0.75,3,5
25,0,3,4
45,0.125,3,6
45,0.5,3,29
45,0.375,3,25
25,0.25,2,20
25,0.5,3,16
45,0.75,3,27
25,0.375,3,9
5,0.25,3,2
45,0.125,3,12
45,0.25,3,5
45,0.25,3,11
5,0,3,0
5,0.75,3,4
25,0.625,3,19
45,0.625,3,21
5,0.25,3,2
45,0.75,2,40
5,0.125,3,0
5,0,3,1
25,0.25,3,6
5,0.875,3,4
25,1,2,70
5,1,2,90
25,0.125,3,7
45,0.25,3,19
45,0,3,0
25,0.375,3,14
45,0.875,2,49
25,0.125,2,6
25,0.125,3,0
5,0.625,3,3
5,0.125,3,2
5,0.125,3,1
5,0.5,3,4
45,0.875,2,99
25,0.25,3,5
5,0,3,0
5,0.625,3,4
5,0.75,3,4
25,0.75,3,21
5,0.875,3,7
5,0.375,2,4
25,0.375,2,10
45,0.875,2,82
45,1,2,89
5,0.375,3,4
45,0.5,3,18
45,0,3,1
5,1,3,100
5,0.5,2,50
45,0.375,3,20
5,0.25,3,50
25,0.75,3,96
45,0.375,3,20
45,0.5,3,61
5,0.5,3,70
45,1,3,100
5,0.625,3,90
25,0.625,2,50
5,0.875,3,100
25,0.75,3,83
45,0.125,3,0
25,0.5,2,95
25,0,3,0
25,0.5,2,21
45,1,3,100
25,0,3,0
25,0.625,3,80
45,0.625,3,52
45,0.625,3,93
45,1,3,93
5,1,3,100
45,0.875,3,100
5,0.375,2,50
25,0.125,2,25
45,0.875,3,80
25,0,3,0
25,0.75,3,56
45,0.25,2,40
5,0.125,3,15
25,0.25,3,40
5,1,3,80
5,0.125,2,25
45,0.25,3,19
25,0.75,3,90
45,0.75,2,70
25,0.5,3,40
25,0.25,3,20
5,0,2,8
25,0.625,3,75
45,1,3,97
45,0.75,3,88
5,0.25,3,6
45,0.625,3,84
45,0.625,2,49
5,0.625,3,38
5,0.75,3,62
45,0.75,3,85
5,0.375,3,60
45,0.375,3,45
5,0.125,3,4
25,0.5,2,43
5,0,2,5
5,0.5,2,65
5,0.375,3,20
45,0.625,2,55
25,1,3,92
25,0.375,2,30
5,0.625,3,81
25,1,3,97
45,0.5,2,70
25,0.625,2,38
45,1,3,95
45,0,2,7
25,0.875,3,95
45,0,3,23
5,0.25,2,24
25,0.625,3,65
5,0.75,3,80
25,0,2,25
25,0.875,3,84
5,0.875,3,82
45,0.125,2,4
5,0.875,2,88
25,0.25,2,13
45,0.125,2,10
5,0.5,2,21
45,0,2,4
45,0.5,3,30
25,0.75,3,72
5,0,2,32
45,0.125,2,19
25,0.375,2,41
25,0.125,3,5
5,0.5,2,40
45,0.5,3,62
5,0.875,3,74
5,0.625,3,66
25,0.5,2,67
25,1,3,93
45,0.375,2,79
5,0.25,2,34
45,0.875,3,91
25,0.875,2,81
25,0.125,2,17
45,0.25,2,14
25,0.375,3,29
5,1,2,73
25,0,2,18
5,0.75,2,80
45,0.375,2,14
5,0,1,30
25,0.5,2,30
25,0.25,3,30
45,0,3,5
5,0.25,1,40
5,0.5,2,35
25,0.375,3,20
25,0.375,2,40
25,1,3,85
25,0.75,3,75
25,0.875,3,90
45,0,3,80
25,0.125,3,10
5,1,1,70
45,0.5,2,40
5,0.625,2,75
45,0.125,2,25
45,0.375,1,45
45,0.625,2,45
5,0.125,1,30
45,0.25,2,25
25,0.625,2,45
25,0.25,2,40
45,0.875,3,90
45,0.75,3,75
5,0.625,2,70
45,1,3,85
5,0.5,1,70
45,0.25,2,55
5,0.375,1,45
25,0,3,15
25,0.875,2,80
5,0.125,2,50
45,0,3,20
5,0.375,2,35
25,0.125,3,15
5,0.5,2,35
25,1,1,75
45,0.125,3,15
45,0.375,2,45
5,1,2,60
5,0.25,2,30
5,1,1,90
45,0.25,3,10
5,0.875,2,85
5,0,1,30
45,0.875,3,85
5,0,2,25
5,0.25,2,45
5,0.625,2,45
25,1,2,90
45,1,3,97
25,0.5,2,80
25,0.75,2,86
5,0.875,2,75
25,0.5,2,60
25,0.625,3,70
45,0.625,3,85
25,0.75,3,80
45,0.625,2,60
25,0.625,2,50
5,0.75,1,90
5,0.375,2,85
45,0.875,2,85
5,0.125,1,10
45,0.75,2,90
25,0.125,2,30
25,0.25,2,20
45,0.75,2,65
5,0.875,1,85
45,0.375,1,50
45,0.125,3,95
45,0.5,2,45
25,0,3,10
45,1,3,95
5,0.75,2,65
45,0.5,3,70
25,0.875,3,95
25,0.375,3,85
25,0,3,5
5,0.75,1,90
5,0,1,15
5,0.25,1,25
25,0.75,3,65
45,0.875,3,85
25,0.5,2,50
5,0,1,15
25,0.25,2,35
45,0.75,3,70
45,0.25,3,10
45,0.375,2,45
5,0.125,1,50
5,0.25,1,40
45,0.125,3,20
25,0.125,3,9
45,0.375,1,34
25,0.875,3,67
45,0.875,3,80
5,0,1,70
5,0.375,2,50
25,0.25,2,40
45,0.5,1,39
45,1,3,100
45,0.25,2,44
45,0.625,2,60
45,0.625,3,76
5,0.125,1,31
25,0.625,1,40
5,1,1,84
25,0.625,2,45
25,1,3,100
25,0.375,2,38
25,1,3,79
5,0.875,1,77
45,0.625,3,35
25,0.75,2,74
45,0.875,3,97
5,0.5,1,69
25,0.75,3,84
5,0.875,1,75
45,1,3,93
5,0.875,2,56
25,0.875,3,81
45,0.25,2,61
5,0.375,1,27
45,0.5,2,49
5,0.75,2,46
5,0.5,1,51
45,0.5,3,33
25,0.625,2,73
5,1,1,73
5,0.75,1,79
25,0.5,2,44
25,0,2,32
45,0.75,3,83
25,0,3,15
45,0,3,8
45,0.125,2,21
45,0.375,3,70
25,0.25,3,15
25,0.375,2,53
45,0.125,3,5
45,1,3,80
5,0.25,1,54
25,0.875,3,90
5,0.5,1,55
5,0.75,1,53
25,1,2,67
25,0,2,14
25,0.375,2,54
5,0.625,1,67
45,0,3,75
45,0,3,24
5,1,1,78
25,0.125,3,19
25,0.5,2,72
5,0.375,2,50
5,0.125,2,51
25,0.125,2,33
5,0.625,3,65
45,0.75,3,74
5,0.625,2,69
45,0.125,1,31
25,0.375,2,55
25,0.625,3,76
45,0.25,1,32
45,0.625,2,72
5,0.625,1,72
45,0.875,3,89
5,0.125,2,5
25,0.125,1,41
5,0.25,1,57
45,0,3,3
45,0.75,3,90
45,0.375,2,16
25,0.75,1,44
5,0.125,1,58
25,0.125,2,18
25,0.875,3,94
5,0.25,1,31
25,0.625,1,58
25,0.5,2,79
45,0.875,3,100
25,0.75,1,88
25,0.375,2,77
25,0,2,10
5,0.75,1,60
45,0.5,2,54
25,0.375,1,31
45,0.75,2,63
25,0.5,1,38
5,1,1,89
45,0.25,2,25
5,0.875,1,78
5,0.625,1,81
5,0,1,3
45,1,3,88
5,0.375,1,64
45,0.125,2,35
45,0.375,2,38
45,1,3,96
25,0.625,1,56
5,0.75,1,85
25,0,1,11
45,0.875,2,84
45,0.75,1,69
45,0.25,2,20
5,0,1,19
45,0,1,25
45,0.5,1,74
5,0.5,1,20
5,0.875,1,26
5,0.75,1,78
45,0.375,1,45
45,1,3,92
5,0.125,1,16
5,1,1,34
45,0.625,1,59
25,0,1,27
25,1,1,83
5,0.5,1,74
25,0.125,2,23
25,1,3,24
45,0,3,5
45,0.625,2,33
5,0.625,1,51
5,0.375,1,47
25,0.25,1,26
45,0.125,3,2
25,1,3,85
5,0.25,1,13
45,0.5,1,64
5,0.375,1,20
5,0.5,1,33
5,0.875,1,80
25,0.875,1,63
25,0.5,1,33
25,0.75,1,58
5,1,1,79
25,0.25,1,16
25,0.25,1,16
5,0,1,26
25,0.875,2,81
5,0.375,3,21
45,0,3,0
5,1,3,100
5,0.875,1,80
5,0.5,1,61
5,0.375,1,64
25,0.25,1,35
5,0.125,1,0
45,0,1,9
45,0.625,1,61
25,0.875,1,91
45,0.375,1,51
25,1,2,100
45,1,2,92
25,0.25,2,12
25,0.75,2,91
25,1,2,93
45,0.25,2,7
5,0.625,1,86
25,0.875,1,93
45,0.25,1,8
45,1,3,100
25,0.875,1,86
45,0.75,1,72
5,0,1,11
5,0.75,1,91
25,0.625,1,48
5,0.125,1,34
25,0,1,9
5,1,1,79
5,0.25,1,13
25,0.375,1,8
25,0.125,2,1
25,0.5,1,51
5,0.625,1,50
45,1,3,100
5,0.5,1,49
25,0.375,1,55
45,0.5,1,71
45,0.875,2,76
5,0.75,1,61
5,0.875,1,73
45,0.125,3,0
45,0.5,2,49
45,0.5,1,39
45,0.875,2,90
45,0.125,2,7
5,0,1,23
25,0.625,1,73
25,0.375,1,57
5,0.25,1,54
45,0.375,1,51
25,0.75,1,67
25,0.125,1,20
5,0.125,1,20
45,0.75,2,89
25,0.75,1,61
25,0.125,1,16
5,0.25,1,23
45,0.25,1,40
45,0.375,1,18
5,0.625,1,40
5,0.375,1,48
45,0.625,1,57
25,0,3,0
45,0.625,1,81
25,0.25,1,43
45,0,3,0
5,0.875,1,74
5,1,1,88
25,0.5,1,33
5,0.75,1,65
45,0.875,1,86
45,0.125,1,9
25,1,1,83
45,0.75,1,78
25,0,2,13
5,0.5,1,48
25,0.5,1,62
5,0,1,24
25,0.625,1,49
45,0.25,3,5
5,0,1,25
25,0.625,2,85
45,0,2,15
5,0.75,1,81
45,0.5,3,75
25,0.25,2,50
45,0.375,3,40
45,0.125,3,75
45,0.875,3,78
25,1,2,73
25,0,3,5
45,0.75,2,48
45,0.25,1,40
25,1,3,96
45,0.75,2,58
5,1,1,61
5,0.5,1,45
45,0,3,4
25,0.5,2,47
25,0.875,2,83
5,0.375,1,64
5,0,1,51
5,0.75,1,56
5,0.25,1,54
25,0.125,2,18
45,1,3,90
25,0.5,2,29
45,0.875,1,40
25,1,1,40
45,1,2,35
45,0.625,1,40
5,0.75,1,77
25,0.5,2,37
5,0.375,1,3
5,0,1,0
45,0.5,2,10
45,0.375,2,22
25,0.375,2,6
5,0.25,1,1
25,0.375,3,27
45,0.125,3,15
25,0,1,11
5,0.875,2,21
5,1,1,5
5,0.625,1,2
5,0.125,1,1
45,0.375,3,20
25,0.625,3,16
5,0.625,1,3
5,0.375,1,4
25,0,3,3
5,0.875,1,5
45,0,3,3
5,0.125,2,22
5,1,2,28
45,0.625,3,15
25,0.25,1,19
45,1,3,85
25,0.75,2,44
5,0.5,1,10
5,0.5,1,5
25,0.125,1,4
45,0.125,2,4
45,0.75,3,86
25,0.25,2,31
25,0.375,2,11
25,0.625,2,12
5,0.625,2,6
25,0.75,2,79
45,0.25,3,12
25,0.125,2,7
45,0.875,3,90
25,0.875,3,78
25,0.875,2,72
5,0.875,1,9
5,0.25,1,6
45,0.625,3,78
5,0.125,1,1
45,0.5,2,16
25,0.75,2,20
25,0.5,1,63
5,0.625,2,51
5,0.375,1,46
45,0.125,2,32
45,0,2,23
5,1,1,33
45,0.375,2,60
45,0.375,2,30
25,0.5,2,45
5,0.625,1,59
25,1,3,81
45,0.25,3,16
25,0,2,39
45,0,3,1
45,0.75,2,71
25,0.25,1,34
5,1,2,62
45,0.875,3,71
5,0,1,26
25,0,3,1
5,0.25,2,20
25,0.375,2,45
25,0.125,2,24
5,0,1,27
25,0.125,3,2
25,0.875,2,61
5,0.125,1,17
25,0.25,2,32
25,0.875,3,94
25,0.125,2,24
25,0.625,2,57
25,0,3,5
25,0.25,1,34
5,0.375,2,49
5,0.875,2,72
25,0.75,2,64
5,0.625,1,53
5,1,1,75
45,1,3,87
5,0.5,1,59
45,0.875,2,69
45,0.25,2,50
25,0.375,2,43
5,0.5,1,40
5,0.75,1,62
45,0.25,2,28
45,0,3,4
5,0.125,1,31
5,0,1,21
5,0.75,1,40
45,0.625,1,28
5,0.875,1,42
5,0.875,1,50
45,0.5,2,59
45,0.5,2,36
5,0.25,1,32
45,0.125,2,19
25,1,3,94
25,0.75,3,76
45,0.375,3,55
45,1,3,98
5,0.125,1,45
25,0.5,2,51
5,0.375,1,47
25,0.875,1,53
5,0.75,1,52
45,1,3,85
45,0.125,3,3
25,0.75,3,91
25,0.625,2,58
45,0.625,3,83
5,0.25,2,38
25,0.625,2,52
5,0.5,1,27
45,0.625,2,57
45,0.75,2,64
25,1,2,88
25,0.375,2,72
45,0.875,3,97
45,0.5,3,54
45,0.75,3,87
25,0.875,2,95
25,0,2,25
25,0.75,3,80
5,0,1,50
45,0.125,2,30
45,0.375,2,33
25,0.375,1,40
45,0.75,3,90
5,0.125,1,50
45,0.25,2,25
45,0,3,5
5,1,1,60
5,0,1,40
5,0.5,1,50
45,0.5,2,40
5,0.125,1,35
45,1,3,95
25,1,2,85
25,1,2,85
5,0.25,1,50
25,0.625,1,65
45,0.125,2,20
25,0.25,1,50
25,0.5,1,45
45,0.875,2,80
25,0.625,2,50
25,0,2,5
5,0.25,1,50
45,0.5,1,60
25,1,2,90
45,1,2,95
45,0.625,3,85
5,0.625,1,45
25,0.375,1,40
25,0.875,2,65
45,0.75,2,60
45,0.875,3,93
5,0.5,1,50
25,0.125,2,20
5,0.875,1,60
25,0.5,2,65
25,0,2,10
45,1,3,80
5,0.25,1,45
45,0.125,3,5
5,0.625,1,55
25,0.125,1,40
45,0.25,2,50
25,0.5,1,60
25,0.875,2,75
5,0.75,1,50
25,0.75,1,65
25,0.375,2,30
5,0.375,1,50
25,0.125,3,10
5,0.375,1,50
45,0,3,15
45,0.875,1,65
25,0.625,2,55
5,0.125,1,40
45,0,3,10
5,0.75,1,60
5,0.75,1,50
25,0.75,1,52
45,0.625,2,44
45,0.375,2,55
5,0,1,50
5,0.625,1,50
45,0.375,2,25
5,1,1,59
45,0.75,2,86
45,0.5,2,70
5,0.875,1,60
25,0.25,1,30
5,0.875,1,59
5,0.375,1,49
45,0.25,3,15
45,0.625,3,75
5,1,1,50
5,0.5,1,50
25,0.25,2,25
45,0.875,2,80
45,0.375,1,40
5,0.5,3,60
25,0.875,2,65
45,0.5,1,50
5,0.75,2,60
25,0.25,2,35
25,1,1,60
45,0.5,1,40
25,0.25,2,30
5,0.625,3,40
25,0.875,3,100
25,0.5,1,44
45,0,2,20
5,0.5,1,55
25,0.625,1,62
25,0,3,4
25,0.625,1,49
5,1,2,98
25,0.75,1,45
5,0.375,1,36
25,0.375,1,58
45,0.25,1,45
5,0.5,1,56
45,0.875,1,82
25,0.5,1,61
25,0.875,1,89
45,0.125,2,20
5,0.625,1,42
45,0.625,1,40
5,0,2,0
25,0.125,3,0
45,0.375,1,36
5,0.125,2,0
5,0.75,1,60
25,0.125,1,50
25,0.625,1,65
5,0.25,1,20
5,0.875,1,90
25,1,3,100
45,1,3,100
5,0.875,2,84
45,0.75,2,70
45,0.875,3,100
25,0.75,1,55
5,0,1,10
5,0,1,23
45,0.5,1,45
45,0.25,1,40
45,1,1,100
5,0.625,1,90
45,0.75,1,41
25,0.75,1,51
45,0.625,1,50
25,0.375,1,50
5,0.375,1,60
5,0.25,1,15
25,0.125,1,20
45,0,3,0
45,0.375,1,25
5,0.125,1,21
25,1,1,100
45,1,1,80
45,0.625,1,80
5,0.25,1,50
5,0.375,1,38
5,0.125,1,40
45,0.75,1,82
25,0,1,15
5,1,1,49
25,0,1,35
5,0.75,1,92
25,0.25,1,75
45,0.125,3,0
5,1,1,93
25,0.5,1,59
25,0.375,1,50
5,0.875,1,48
45,0,2,0
45,0.25,1,9
45,0.125,1,16
5,0.25,2,50
45,1,3,100
25,0.5,2,30
25,0.875,3,100
45,0.125,3,0
25,0.25,3,40
5,0.375,2,55
5,0.25,2,24
25,0.75,3,90
5,0,2,16
45,0.125,3,80
25,0.75,2,70
45,0.625,2,44
5,0.875,2,58
45,0.625,3,85
45,0.375,3,70
25,1,3,90
5,0.125,2,19
45,0.5,3,24
45,0.375,3,20
45,0.5,3,85
45,1,3,100
25,0.875,3,94
25,0.25,3,11
5,0.5,2,25
45,0.75,3,88
5,0.125,2,78
5,0,2,12
25,0.5,2,39
25,0.625,2,44
5,0.625,2,36
25,0.125,2,26
25,0,3,24
45,0.75,3,81
5,0.75,2,63
45,0,3,27
5,0.5,2,58
25,1,3,86
25,0.375,2,37
25,0.625,2,58
5,0.5,1,59
5,0.375,2,38
45,0.625,2,60
25,0.125,2,36
5,1,2,67
5,0.875,2,65
25,0.25,2,84
45,0.375,2,70
5,0.25,2,41
5,0.875,2,73
45,0.5,3,58
25,1,3,100
45,0.25,3,80
45,0,3,0
25,0.125,2,38
25,0,2,31
5,0.375,2,19
45,0.25,2,16
5,0.625,1,60
45,0.125,2,24
45,0,3,8
25,0.375,2,31
25,0.75,3,69
25,0,2,19
5,0.75,2,30
45,0.75,2,61
5,1,2,84
5,1,2,84
45,0.875,2,71
45,0.875,3,87
25,0.875,3,84
45,1,3,72
5,0,2,20
25,0.5,2,67
25,0.375,2,68
45,0.875,2,70
5,0.625,2,76
45,0.25,2,24
5,0.75,2,71
25,0.625,2,66
5,0.125,1,30
25,0.75,3,65
25,1,3,98
5,0.75,3,70
5,0.25,2,46
5,0.875,3,80
25,0.375,3,30
5,0.625,1,46
5,0.375,2,49
25,0,3,1
45,0.25,3,49
5,0.5,1,44
45,0.25,3,20
5,1,3,66
25,0.625,3,62
45,1,3,90
45,1,3,99
45,0.75,3,94
25,0.5,3,75
45,0.375,3,15
25,0.5,2,39
5,0.75,2,57
25,0.25,3,22
5,0.625,3,41
45,0.625,3,50
5,0.5,3,44
45,0.125,3,1
25,0.25,2,37
45,0,3,99
45,0.375,3,40
5,1,3,74
5,0.875,3,58
45,0.5,3,72
25,0.375,3,21
25,0.625,3,58
25,0.5,2,50
5,0.875,3,57
25,0.125,3,29
25,0.625,3,40
45,0.5,3,39
45,0.25,3,88
45,1,3,95
45,0.875,3,99
45,0,2,25
25,0,3,33
25,0.125,3,21
45,0.875,2,54
5,0.375,3,31
5,1,2,58
5,0.125,3,35
25,0.75,3,86
5,0,2,62
25,0.125,3,12
45,0.625,3,93
45,0.75,3,75
5,0,2,50
45,0.625,3,55
5,0.25,1,46
45,0.875,3,92
5,0.625,2,48
45,0.125,3,12
5,0.75,1,53
25,0,2,20
5,0.125,1,39
45,0.125,3,27
25,1,3,79
45,0.75,3,50
25,0.75,2,40
5,0,3,24
45,0.375,3,61
25,0.375,1,49
25,0.25,2,47
5,0.25,1,47
25,0.875,1,46
25,0.875,1,46
25,0.875,3,72
45,0,2,12
45,0.5,2,44
5,0.125,3,46
25,1,3,78
5,0.375,1,49
5,0.5,3,80
5,1,2,100
25,0.875,3,55
5,0.25,2,1
25,0.125,3,50
25,0.25,3,8
45,0.375,3,44
45,0.875,3,65
45,0.5,3,48
25,0.25,2,5
5,0.25,2,3
5,0.875,2,4
5,0.75,3,5
25,0.5,3,19
25,0.625,2,16
25,0.125,2,8
25,0.5,3,12
5,0.375,2,8
5,0.75,2,5
45,0.125,3,6
25,0.625,2,21
45,0.125,3,0
45,1,3,60
45,1,2,41
5,0.75,2,3
5,1,1,95
5,0.125,3,3
45,0.25,2,10
25,0.75,2,85
25,0.25,3,50
45,0.75,2,81
5,0,3,9
25,1,3,68
5,0,2,2
25,0.125,2,26
45,0.875,2,81
45,0.25,2,27
45,0.5,2,47
45,0,2,0
25,0.375,2,17
45,0,2,1
5,0.25,3,50
5,0.875,3,100
5,0.625,2,38
45,1,2,91
25,0.75,2,81
25,0,2,39
5,0.5,2,90
45,0.125,2,31
5,0,2,96
45,0.625,3,66
25,0.625,2,30
45,0.875,3,72
45,0.625,2,46
25,0,3,63
5,0.5,2,87
25,0.375,2,33
25,1,2,88
45,0.75,2,71
25,0.875,2,78
25,1,2,89
45,0.5,2,67
5,0.125,2,23
5,0.875,2,75
5,0.125,2,3
45,0.75,2,79
45,0.375,2,38
5,0.375,1,57
5,0.625,2,71
25,0.375,2,35
5,1,2,68
25,0,2,43
45,0,2,22
5,0.375,2,80
25,0.875,2,41
5,0.5,2,76
45,0.375,2,28
45,0.625,2,61
25,0.75,1,40
5,0.625,2,78
45,0.25,2,23
25,0.5,2,36
5,0.125,2,80
5,0.125,2,80
25,0,3,0
45,0.125,3,15
25,0.75,3,89
25,1,3,100
5,0,1,0
5,0.625,1,33
5,0.625,1,50
45,0.75,3,85
25,0.25,2,36
25,0.5,2,34
5,0.25,1,64
5,1,3,90
25,0.875,3,80
5,0.75,1,50
5,0.875,2,80
25,0.75,3,75
45,0.5,3,44
45,0.625,3,40
45,1,3,85
5,0.875,1,85
45,1,3,100
5,0.75,1,66
25,0.25,2,19
25,0.375,2,37
5,0.125,1,21
25,0.625,2,86
25,0,3,0
45,0.5,2,40
5,0,1,23
5,0.375,1,39
5,0.875,1,91
45,0.25,3,15
5,0.625,1,15
25,1,2,84
45,0.375,2,32
45,0.375,3,24
45,0.625,1,35
25,0.875,3,100
45,0.875,2,79
5,0.75,1,86
5,0.5,1,70
45,0.875,2,84
25,0.5,1,39
5,0,1,0
5,0.375,1,68
25,0.125,3,17
45,0.75,1,71
5,0.375,1,36
25,0.5,2,75
25,1,3,100
25,0.625,2,73
5,1,1,100
25,0,2,16
45,0,3,0
45,0.75,2,47
45,0.875,3,100
45,0.25,2,15
5,0.25,1,21
45,0.25,2,39
45,0,2,20
45,0,3,0
25,0.375,2,31
25,0.375,1,35
45,0.625,2,71
5,0.5,1,72
45,0.125,3,0
25,0.625,1,64
45,0.375,1,46
45,0.5,1,38
5,0.25,1,19
25,0.75,1,40
25,0.125,3,0
25,0.875,1,81
5,0.5,1,38
5,1,1,68
25,0.25,2,20
25,0.125,1,24
45,0.125,2,37
45,1,3,100
45,0.25,3,26
5,0.125,1,36
45,0.375,2,54
45,1,3,100
45,0,3,0
45,0.75,2,70
45,0.25,3,19
25,0.875,3,70
25,0.5,2,50
25,0.125,2,29
5,0,1,42
25,0,2,30
45,0.625,2,70
25,1,2,84
25,0.125,2,21
25,0.875,3,100
45,0.375,2,43
5,0,2,52
25,0.25,2,53
45,1,2,100
45,0.25,2,63
5,0.125,1,60
25,0.75,3,71
45,0.875,2,68
5,0.625,1,57
45,0.875,2,66
25,0.375,1,53
5,0.875,1,55
5,0.375,1,60
5,0.5,1,66
25,0.5,1,51
5,0,1,58
25,0.625,1,49
5,0.25,1,60
5,1,1,100
25,0.5,1,43
45,0.75,2,77
5,0.875,1,76
5,0.875,2,71
5,0.5,2,68
45,1,2,82
45,0.125,2,17
25,0.375,2,36
25,0.875,2,69
45,0.125,3,5
25,0.375,3,42
45,0.5,2,69
5,0.5,2,62
5,1,2,73
45,0.5,2,35
25,1,2,81
25,0.25,2,29
25,0.625,2,45
25,0,2,6
5,0.75,2,36
25,0,2,31
45,0,2,19
25,0.125,2,25
5,0.375,2,47
45,0,2,12
5,0.75,3,84
25,0.25,2,20
25,1,2,74
25,0.75,2,68
5,0.25,2,63
45,0.875,2,69
45,0.5,2,63
25,0.625,2,79
5,0.375,2,62
5,1,2,62
5,0.25,2,55
45,0.125,2,18
45,0.625,2,36
45,0.625,2,56
5,0.125,2,8
5,0.75,2,65
25,0.75,2,74
5,0.625,2,72
45,0.75,2,35
5,0.625,2,56
45,0.375,2,37
45,0.75,3,90
45,0,3,5
25,0.875,3,98
25,0.125,3,7
45,1,3,90
5,0.25,3,50
45,0.125,3,40
45,0,3,7
45,0.5,3,49
45,0.625,3,49
5,0,3,5
45,0.5,3,43
25,0,3,36
25,1,3,53
25,0.375,3,47
5,0.875,3,58
25,0,2,31
5,0.375,3,51
5,1,3,91
5,0.75,3,84
5,1,3,79
45,0.25,3,52
45,0.875,3,63
25,0.625,2,39
5,0.375,3,73
5,0.875,3,63
25,0.25,2,37
25,0.625,3,50
5,0.625,3,74
25,0.125,2,11
5,0.5,2,37
25,0.75,2,49
5,0.25,2,72
25,0.75,2,50
25,0.5,2,50
25,0,3,1
45,0.375,2,48
5,0.875,2,36
5,0.75,2,45
45,0.375,2,50
5,0.125,2,0
25,0.875,2,50
45,0.375,2,45
5,0.75,3,82
5,0.625,2,49
5,0.625,2,34
45,0.875,2,88
25,0.5,2,18
45,0.25,2,38
25,0.5,2,51
25,0.25,3,49
45,0.75,2,48
25,0.375,2,48
25,0.75,2,75
25,0.25,2,10
45,0,3,6
5,0,2,8
25,1,3,99
25,0.375,2,76
25,0.875,2,48
5,0.125,2,21
5,0,2,23
45,0.5,2,50
45,1,2,45
5,0.375,2,3
45,1,2,54
45,0.875,2,46
25,0.125,2,25
25,0.625,2,41
25,1,2,58
5,0.125,2,44
45,0.625,2,47
45,0.125,3,83
45,0.25,2,74
5,0.25,3,49
45,0.625,2,51
45,0.75,2,70
5,0.5,2,73
45,0.125,2,20
5,1,2,70
5,0.5,2,57
45,0.625,2,40
5,1,3,4
5,1,3,5
45,0.875,2,52
45,0.625,3,28
45,0.75,2,27
5,0.5,3,3
5,0.125,3,1
45,0.875,2,46
5,0.25,3,2
25,0.625,3,12
5,0.75,3,3
45,0.5,3,16
5,0.875,3,4
5,0.875,3,4
5,1,3,5
25,1,2,32
25,0.5,3,9
5,0.125,3,1
5,0.75,3,4
5,0.625,3,3
5,0.5,3,2
25,0.875,2,29
45,0.25,3,5
5,0,3,0
25,0.125,3,0
45,0.875,2,25
25,0.125,3,3
25,1,2,26
25,0.5,2,14
25,0.25,3,10
5,0,3,0
25,0,3,4
45,0.125,3,0
5,0.25,3,1
45,1,3,50
45,0.5,3,23
5,0.875,3,5
5,0.5,3,3
45,0.25,3,18
25,0.625,3,22
45,0.75,3,49
45,0.25,3,12
25,0.375,3,6
25,0.75,3,15
45,0.625,3,22
25,0.5,3,17
45,0,3,0
45,0.5,3,29
25,0.25,3,3
45,0.125,3,12
45,0.125,3,6
45,1,3,32
5,0.25,3,1
25,0.25,3,6
25,0.75,2,26
5,0.625,3,2
25,1,3,21
25,0.125,3,7
25,0.75,2,20
5,0,3,1
45,0.375,3,10
25,0.875,3,21
5,0.375,3,2
45,0.375,3,17
25,0.375,3,13
45,0,3,7
25,0.375,3,9
25,0.625,3,16
5,0.625,3,4
25,0.875,3,24
45,0,3,0
5,0.375,3,3
25,0,3,0
25,0,3,0
45,1,3,51
5,0.375,3,1
45,0.375,3,25
5,0.75,3,5
45,0.75,2,24
5,0.125,3,0
5,0.875,2,70
45,0,3,20
5,0.125,2,30
25,0.75,3,40
25,0.75,3,65
45,0.375,2,51
25,0.875,3,70
45,0.375,3,30
25,1,3,91
25,0.875,2,80
5,0.5,1,60
5,1,1,50
5,0.875,2,80
5,0.875,1,60
45,0.25,2,25
5,0.375,2,59
5,0.125,3,30
5,0.625,1,51
45,0.125,2,40
45,1,3,93
25,0.5,3,45
45,0.75,3,81
45,0.875,2,82
25,0.375,1,40
45,0.25,2,23
5,1,1,70
5,0.25,1,29
25,0.875,1,70
45,0.625,2,60
45,0.125,3,16
25,0.5,1,50
25,0.625,2,46
25,0.625,2,45
5,0.5,2,45
5,0.75,2,60
25,0.25,3,40
5,0.375,1,45
25,0.375,3,30
25,0.375,3,40
45,1,3,75
45,0.5,2,60
25,0,2,19
45,0,3,12
25,1,3,82
45,0.5,1,50
45,0.625,1,51
45,0.5,1,46
5,0.125,2,0
25,0.125,1,20
25,0.25,1,54
5,0.625,1,52
5,0,2,45
45,0.75,1,61
25,0,3,30
45,0.25,1,40
25,0.75,2,72
25,0.125,2,23
45,0.375,2,20
5,0.75,3,50
45,0.125,3,40
45,0.625,2,71
45,0.875,2,60
5,0.25,1,51
5,1,3,85
25,0.5,1,30
5,0.5,1,50
5,0,2,27
25,0.25,2,19
25,1,2,80
45,0,2,31
5,0,2,23
45,0.875,3,83
5,0.625,2,63
25,0.125,3,11
25,0,1,64
5,0.375,2,35
5,0.75,2,84
45,1,1,62
25,0.625,2,67
5,0.25,1,60
45,0.75,3,69
5,0.125,1,20
45,0.75,2,57
45,0.125,3,5
5,0.375,2,20
25,0.625,2,76
25,0.875,2,70
25,0.125,3,5
5,0.625,1,61
5,0.625,1,80
45,1,3,81
45,0.625,2,54
25,0.75,2,83
25,0.5,1,27
45,0.125,3,86
25,0,3,6
25,0.75,2,72
25,0.125,2,26
45,0.375,3,21
25,1,3,92
25,0.625,1,61
5,0.5,1,47
5,0,1,8
45,0.25,2,21
45,0.75,3,74
25,0.875,2,77
5,0.625,1,44
45,0.75,3,87
45,1,3,94
5,0,2,16
5,0.125,1,25
25,0.5,1,48
25,1,2,68
45,0.375,2,50
25,0.25,2,22
25,0.375,1,46
5,0.875,1,89
25,0,3,12
5,0.5,1,63
5,0.25,1,41
5,0.25,1,45
5,1,1,95
45,0,3,7
5,0.75,1,93
45,0.25,3,14
25,0.375,2,40
45,0.875,3,96
45,1,3,97
5,1,1,94
25,0.5,1,80
45,0,3,8
5,0,1,13
45,0.875,3,88
45,0.875,2,69
25,0.75,2,73
25,0.625,1,55
5,0.375,1,45
5,1,1,78
25,1,3,96
25,0,2,20
5,0.5,1,55
5,0.75,1,22
25,0.125,2,32
5,0.375,1,47
45,0.375,1,46
45,0.5,1,56
45,0,3,14
45,0.625,1,67
45,0.125,2,74
25,0.875,3,11
25,0.25,2,35
5,0.875,1,82
5,0.25,1,24
25,0.25,2,17
5,0.875,1,65
25,0.375,2,30
45,0.5,1,48
5,0.125,1,12
45,0.25,1,42
45,0.5,1,34
45,0.625,2,87
5,0.75,1,57
5,0.5,3,48
25,0.625,3,75
45,0.625,3,45
5,0.625,3,50
45,0.875,3,99
25,0.375,3,40
45,0.625,3,65
5,0,3,1
25,0,3,1
45,0.25,3,46
5,1,3,86
5,0,3,1
45,0.125,3,9
25,0.625,3,80
45,0.25,3,25
25,0.875,3,81
45,0,3,5
25,0.875,3,97
5,0,3,22
5,0.625,3,22
45,0.5,3,26
25,0.125,3,30
25,0.125,3,4
25,0.375,3,30
5,0.125,1,41
5,0.125,3,10
5,0.125,1,19
5,0.625,3,84
5,0.25,1,71
45,0.75,3,92
5,0.75,1,81
5,0.875,1,84
25,0.625,2,44
45,0.625,3,88
45,0,3,4
5,0.875,1,82
25,1,3,87
45,0.375,3,25
25,1,3,89
45,0.75,2,50
25,0.75,1,71
45,0.75,3,79
45,0.875,3,88
5,0.375,1,51
5,0.875,1,51
25,0,3,18
5,0.25,1,36
5,0.375,1,25
5,0.75,1,69
5,0.5,1,54
45,0.5,3,76
5,1,1,65
25,0.5,1,69
45,0.5,2,60
45,0,3,15
25,0.375,2,50
45,1,3,90
45,0.25,3,20
5,0.5,1,51
25,0.875,3,87
45,1,3,94
5,0.375,1,50
25,0.75,3,83
45,0.375,3,42
25,0.25,3,24
25,0.25,3,24
25,1,3,80
25,0.25,3,43
5,0.75,1,52
5,1,1,60
45,0.375,3,50
5,0.25,1,49
25,0.5,1,50
45,1,3,95
45,0.125,3,10
45,0.875,3,91
25,0,3,22
25,0.125,2,36
45,0.125,3,24
25,0.75,2,76
25,0.5,1,48
25,0.375,3,50
45,0.25,2,20
45,1,3,88
5,0.25,2,20
5,0.625,3,60
45,1,3,100
5,0,3,80
25,1,3,100
5,0.5,3,60
5,0.875,3,80
45,0.25,2,21
45,0,1,16
45,0.125,3,11
25,0.875,3,90
5,0.875,3,80
5,0.5,3,60
25,0.25,2,40
45,0.5,2,35
45,0.75,2,57
25,0.875,3,100
45,1,3,100
45,0.25,2,37
5,0.375,3,80
5,0.125,3,0
5,0.875,3,100
25,0,2,18
5,0.75,3,100
45,0.5,2,40
25,0.125,3,0
45,0.625,3,86
45,0.75,3,91
5,0.5,3,40
45,0.875,3,75
25,0.5,1,65
45,0.625,2,63
5,0,3,0
25,0.75,3,93
25,0,3,0
45,0.875,3,86
5,1,3,80
45,0.375,2,20
45,0.75,3,92
5,1,3,100
25,0.375,2,50
25,0.625,2,75
25,0.625,2,83
5,0.375,3,40
5,1,3,100
45,0,3,0
25,1,2,90
45,0.875,3,100
25,0.5,2,77
5,0.125,3,80
5,0.25,1,21
25,0,3,0
25,0.25,2,10
45,0.125,1,28
45,0.5,2,60
5,0.375,2,60
25,0.75,1,56
5,0.625,2,80
25,0.375,1,17
25,0.125,2,12
25,0.5,2,32
45,0,3,0
25,0.625,2,50
25,0.125,2,20
45,0.625,2,50
25,0.875,2,76
25,0.25,2,37
5,0.75,2,60
5,0.25,2,20
25,0.75,2,72
5,0.625,2,35
5,0,3,0
45,0.375,3,50
5,0.125,3,20
5,0.75,3,80
45,0.125,3,0
25,1,3,100
45,0.375,1,41
5,0,1,0
25,1,2,88
25,0.5,2,49
45,0.125,2,27
25,0.375,2,50
45,0.75,2,95
25,0.875,1,66
5,0,1,0
45,0.875,3,100
45,0.375,2,40
5,0.625,1,40
45,0.75,2,58
45,0.875,2,70
45,1,2,85
45,0.25,3,5
5,0.625,1,20
25,0,2,0
25,0,2,15
45,0.25,2,25
25,0.625,2,50
5,0,1,20
25,1,3,100
45,0.375,3,10
45,0.5,2,45
45,0.625,3,85
45,0.25,2,42
25,0.25,2,28
5,0.875,1,80
5,0.5,1,60
5,0.75,1,80
5,0.375,1,60
5,1,1,80
25,0.125,3,0
45,0.5,3,63
45,0.875,3,90
5,0.75,1,60
5,1,1,100
45,0.125,3,8
25,0.75,2,74
5,0.375,1,40
45,0.625,2,60
5,0.75,1,100
25,0,2,0
25,0.375,2,51
25,0.5,2,49
25,0.25,2,6
45,0,3,0
25,0.875,2,100
45,1,3,100
45,0,3,0
5,0.25,1,20
25,0.625,2,40
5,0.125,1,0
45,0.625,2,48
5,0.125,1,20
5,0.125,1,20
25,0.125,2,16
5,1,1,100
5,0.625,1,60
45,0.125,3,0
25,0.875,3,92
5,0.875,1,100
45,0.375,2,50
25,0.75,2,95
5,0.375,1,20
25,0.375,2,15
45,0.75,2,85
25,0.5,2,54
5,0.5,1,40
45,0,3,7
25,0.125,2,3
45,1,2,100
5,0.875,1,80
25,1,2,100
25,0.75,2,55
5,0.5,1,60
45,0.5,2,35
25,0.25,2,39
5,0.25,1,40
5,0.25,1,20
25,0.625,2,80
45,0.125,3,0
25,1,3,100
45,0,2,20
45,1,3,100
5,0.75,3,100
5,0.875,1,90
45,0.5,1,50
45,0.75,2,90
45,0.125,2,15
5,0.125,2,10
25,0.875,2,90
25,0.375,2,45
25,0.75,2,65
5,0.625,2,85
5,0.375,2,20
5,0.625,3,40
5,0.625,3,60
25,0.5,2,70
25,0.125,2,30
45,0.25,2,20
45,0.875,3,100
45,0.75,2,85
5,0.75,3,90
25,0.75,2,85
45,0.875,3,90
25,0.875,3,100
25,0,3,0
45,0.75,2,55
45,0.625,3,85
25,0.75,2,60
45,0,3,0
5,1,3,100
5,0.125,3,10
45,0.25,1,10
25,1,1,74
5,0.75,2,70
25,0.625,2,50
5,0.875,2,80
25,0.5,2,60
25,0.25,1,10
25,0.25,2,30
45,0.125,1,50
5,0.25,2,20
25,0.375,2,55
45,1,3,100
5,0.25,3,40
5,0,3,0
25,0.25,3,15
45,0,3,0
45,0.625,2,50
25,0.375,2,40
45,0.375,2,45
25,1,1,70
5,0.375,2,40
45,0.5,2,65
5,1,3,100
45,0.875,3,80
5,0.125,3,0
5,0.375,3,60
5,0.875,3,100
25,0,3,0
25,0.625,3,85
45,0.375,3,60
45,0.25,2,50
5,0.5,3,40
5,0,3,10
45,0.625,1,60
5,0,3,0
5,0.25,2,10
45,0.5,2,50
5,0.5,3,60
25,0,2,25
45,0.375,1,30
25,0.5,3,75
5,0.5,3,60
45,1,3,90
25,0.125,2,5
25,0.125,3,0
25,0.625,2,70
25,0.875,2,80
5,1,3,80
5,0.25,3,50
45,0.375,3,39
45,0,3,0
25,0.375,3,24
5,1,3,100
5,0,3,22
25,0.125,3,15
45,0.125,3,0
45,0.75,3,70
25,1,3,88
5,0.5,3,54
45,0.625,3,72
45,0.125,3,27
45,0,3,0
5,0.875,3,75
25,1,3,100
25,0.75,3,88
5,0.75,3,89
45,0.25,3,27
25,0.125,3,0
5,0.125,3,0
5,0.875,3,90
5,0.25,1,61
5,0.375,2,24
45,0.875,3,74
25,0.625,2,58
25,0.75,2,63
45,0.125,3,20
45,0.375,3,48
25,0.875,2,62
45,0.5,3,55
5,0.25,2,46
5,0,3,0
25,0,3,0
5,0.125,3,10
45,0,3,21
5,0.875,3,100
45,0.25,3,29
25,1,3,100
5,0,3,0
25,0.625,3,89
25,0,3,0
5,0.625,3,69
45,0.75,3,90
25,0.5,3,63
45,0.75,3,70
45,0.625,3,65
45,0.625,3,35
5,0.625,3,43
45,0.5,3,54
5,0.375,2,37
5,0.75,3,69
5,0.75,3,100
25,0.875,3,90
5,0.5,3,68
45,0.5,3,41
5,0.5,3,43
5,0.625,2,40
5,1,3,100
5,0.125,3,26
25,0.625,2,67
5,1,3,81
45,1,3,87
45,0.875,3,100
5,0.375,3,34
45,0.25,3,35
45,1,3,100
45,1,3,100
25,0.25,3,21
25,0.75,3,93
25,0.25,3,25
25,0.125,3,43
25,0.5,3,41
25,0.875,3,100
25,0.375,3,43
25,0.25,3,40
45,0.375,3,45
25,0.5,3,47
45,0.875,3,92
25,0.375,2,43
25,0,2,35
5,0.125,3,5
5,0,2,7
25,0.875,3,90
5,1,2,95
45,0.875,3,90
45,0.375,3,40
5,0.375,3,20
5,0.625,3,80
25,0.375,2,70
5,0.125,3,20
45,0.125,3,10
25,0.625,2,50
5,0.875,3,80
25,0.75,2,90
25,1,2,100
25,0,2,0
25,0.875,2,100
25,0.5,2,35
45,0,3,0
5,0.125,1,36
25,0.875,2,85
25,0.125,2,50
5,0.875,2,80
5,0.75,2,80
5,0.75,1,65
5,0.5,3,40
25,0,2,15
45,0.375,2,50
45,0.25,2,35
45,0.25,2,40
5,0.625,2,70
5,1,1,100
25,0.25,2,30
45,0.5,3,65
45,1,3,100
5,0.5,2,75
45,0.75,2,90
5,0.5,1,50
45,0,2,0
5,0.875,2,90
25,0.375,2,51
45,0.625,2,50
25,0.125,3,10
25,0.25,3,14
5,0.25,2,50
45,0.125,2,40
45,0.75,2,50
5,0.25,3,20
45,0.125,3,0
25,0,2,10
45,0.625,2,50
45,0.5,1,40
45,0.875,1,80
45,0.625,2,70
5,0,2,15
45,0.5,2,40
5,0.375,2,60
45,0,3,50
25,0.75,3,85
25,0.125,1,19
5,0.625,2,20
25,1,2,79
45,1,1,73
25,0.625,3,58
25,0.25,2,50
45,0.75,2,87
45,0.875,2,100
5,0,2,80
25,1,3,92
25,0.375,2,33
25,0.75,3,60
5,0.375,3,20
5,0.25,2,14
5,1,2,85
5,0.75,3,65
25,0.5,2,38
45,1,2,100
45,0.25,2,50
45,0.375,1,50
25,0.5,2,65
25,0.625,3,80
25,0.875,2,90
45,0,2,22
25,0.625,3,65
25,0.375,3,36
45,0.625,3,56
45,1,3,70
5,0.375,3,20
5,0.125,3,20
5,0.375,3,40
25,0.125,3,12
5,1,1,88
25,0.875,3,79
5,0.75,1,97
45,0.5,3,61
45,0.75,3,65
5,0.375,1,60
25,0,2,0
25,0.75,3,90
25,0.625,3,48
5,0.25,1,20
25,0.75,3,60
5,0.875,1,80
5,0.5,1,40
5,0.125,1,20
25,0.75,2,76
25,1,2,100
25,0,2,0
25,0.25,3,24
5,0.625,1,60
45,0.25,2,11
5,0.25,1,20
45,0.375,2,42
45,0,2,0
45,0.125,2,24
5,0.25,1,40
5,0.125,1,0
25,0.375,3,24
45,0.5,2,56
45,0.75,2,91
45,0.25,2,32
25,1,3,84
25,0,3,16
5,0,1,0
45,0.25,2,39
25,0.875,3,72
5,0.75,1,60
45,0.5,2,36
5,0.625,1,40
45,0.75,2,44
25,0.625,2,80
25,0.25,2,16
25,0.375,3,52
45,0.875,3,100
5,1,1,80
45,0.125,3,0
25,0.5,3,64
5,0.875,1,80
25,0.5,3,36
25,0.25,2,45
45,0.875,1,59
25,0.125,3,28
45,0.625,2,45
5,0.875,1,100
5,0,1,20
45,1,3,100
45,0.875,3,81
5,0.75,1,80
5,1,1,100
45,0.375,2,23
45,0.125,1,15
45,0,3,0
5,0,1,0
5,0.5,1,60
25,0.125,3,0
25,0.5,2,36
25,1,2,100
5,0.625,1,80
5,0.5,1,60
45,0.375,2,36
45,1,3,100
45,0.625,2,79
25,0.25,3,11
25,0.375,3,9
45,0,3,0
25,0.375,3,11
25,0.125,2,10
45,0.875,3,26
25,0.5,3,12
45,0.5,2,12
45,0.75,3,13
5,0.75,3,5
5,0.375,3,1
45,0.625,3,20
25,0,3,0
25,0.625,3,16
45,0,3,0
45,0.25,3,5
45,1,3,43
25,0,3,0
5,0.375,3,2
45,0.625,3,41
25,0.25,3,3
25,0.5,3,13
25,0.875,3,26
5,0.5,3,2
45,0.75,3,36
5,0,3,0
5,0,3,1
5,0.75,3,3
45,0.75,3,30
25,0.375,3,6
45,0.375,3,25
5,0.5,3,3
45,0.375,3,17
25,0.875,3,18
5,1,3,4
45,0.625,3,22
25,1,3,23
5,0.25,3,1
45,0.125,3,6
25,0.5,3,9
25,0.875,3,23
5,0.5,3,3
45,0.875,2,33
25,0.75,3,16
25,0,3,4
5,0.125,3,1
5,0.75,3,4
45,1,2,43
25,0.125,3,3
45,0.375,3,10
5,0.625,3,2
5,0.625,3,4
5,0.25,3,1
45,0.5,3,30
45,0.25,3,11
25,0.75,3,20
25,0.125,3,0
5,0.125,3,1
5,0.875,3,4
45,1,3,43
5,0.375,3,3
45,0.125,3,12
45,0.125,3,0
25,1,3,24
5,1,3,5
5,0.875,3,5
45,0.875,2,35
5,0.25,3,2
45,0.25,3,18
25,0.25,3,6
25,0.625,3,12
25,0.75,3,22
5,0.125,3,0
5,0.875,3,4
25,0.625,3,19
5,0.625,3,3
45,0.5,3,24
5,1,3,5
45,0,3,7
25,1,2,27
5,0,3,0
5,0.875,1,75
45,0,3,16
5,0.125,1,20
25,1,3,5
25,0.375,2,63
25,0.625,2,63
25,0.875,3,85
25,0.5,2,68
25,0,3,19
5,0,1,34
25,0.375,2,50
25,0.375,2,31
25,0.75,3,90
45,0.125,2,22
45,0.5,2,28
25,1,3,96
5,0.25,1,21
5,0,1,11
45,0.625,2,45
5,0.125,1,13
25,0.125,2,20
45,0.125,3,2
25,0.25,2,14
25,0.25,2,28
5,0.5,1,19
45,0.625,3,84
25,1,3,84
5,0.25,1,16
45,0.375,2,42
45,0.75,3,82
5,0.375,1,59
45,0.375,3,19
25,0,3,3
25,0.625,2,67
45,0.125,3,11
25,0.5,2,50
45,0.375,3,40
25,0.125,3,24
45,0.75,2,61
25,0.625,2,41
5,0.625,1,60
25,0.875,3,97
45,0,3,3
45,0.5,3,62
5,1,1,91
5,0.375,1,40
45,1,3,83
5,0.125,1,41
25,0.125,3,3
25,0.75,3,80
5,0.875,1,86
25,0.75,2,55
45,0.875,3,82
45,0.875,3,97
5,1,1,80
45,0,3,3
5,0.625,1,66
25,0.875,2,65
45,1,3,96
5,1,1,87
25,0.25,2,50
5,0.75,1,37
5,0.875,1,71
5,0.625,1,40
45,0.25,2,40
5,0.5,1,56
45,0.25,3,18
5,0.75,1,89
45,0.875,2,70
5,0.375,1,22
45,0.25,3,18
45,0.5,2,50
5,0.25,1,67
25,0,3,9
45,1,3,97
25,0.5,2,43
45,0.625,2,62
5,0,1,15
5,0.5,1,60
5,0.75,1,63
45,0.75,2,68
5,0.625,2,37
5,1,1,23
5,0.625,1,35
25,0,3,11
25,0.75,2,37
45,0.5,2,45
5,0.375,1,42
5,0.125,1,16
5,0.875,3,69
25,0.5,2,42
5,0.75,1,46
25,0.625,3,71
45,0.5,2,37
25,0.125,3,10
45,0.5,2,50
45,0.625,2,79
45,0.75,3,80
45,0,2,14
45,0.125,3,10
25,0.875,2,64
45,0.125,2,22
5,0.25,1,14
45,0.25,2,42
25,0.75,3,89
45,0.875,3,93
45,0.25,3,4
25,0.25,2,17
25,0.375,2,45
45,0.75,2,56
45,0.875,3,100
45,0.125,3,1
45,0.625,3,60
5,1,2,92
5,0.875,3,84
25,0.5,1,43
45,0.75,1,94
25,1,3,68
25,0.875,3,93
25,0.375,2,43
25,0.375,2,27
5,0.625,1,80
25,0.125,2,20
45,0.375,2,52
25,0,1,14
5,0.25,3,5
5,0.75,1,40
25,0.5,2,48
5,0.875,3,57
5,0.5,1,43
5,0.5,1,44
25,0.75,1,17
45,1,1,43
5,0.25,2,63
5,0.75,1,52
5,0,1,3
5,0.125,1,2
25,0.25,1,15
45,0.625,2,62
45,0,3,2
45,0,3,2
5,1,3,4
25,1,2,83
5,0.125,3,73
25,0.625,2,70
5,0.375,1,65
25,1,3,99
25,0,2,45
5,0.375,2,32
5,0,1,6
5,0.5,1,48
25,0.25,3,37
45,1,3,17
45,1,2,79
45,0.375,2,28
45,0.375,1,20
25,0.875,2,75
25,0.125,2,27
5,0,1,40
45,0.875,3,66
25,0.625,1,49
45,0.25,2,15
45,0.125,2,25
25,1,3,98
5,0.875,1,68
5,0.75,1,81
25,1,2,66
45,0.625,3,50
25,0.375,2,45
5,0.125,1,15
25,0.5,1,50
5,0.375,1,14
25,0.625,2,45
5,0,1,16
5,0.625,1,49
5,1,1,87
45,1,3,100
45,0.125,3,0
5,0.625,1,64
25,0,2,24
5,0.5,1,63
45,0.75,2,70
5,1,1,74
45,0.875,3,84
5,0.875,1,81
45,0.625,2,83
5,0.125,1,20
5,0.125,1,20
25,0,2,25
25,0.875,2,80
5,0.625,1,42
5,1,1,81
45,0.375,2,42
25,0.375,2,57
25,0.125,2,11
25,0.5,2,51
25,0.625,2,84
5,0,1,19
25,0.625,1,53
45,0.125,3,88
45,0.5,3,38
45,0.375,3,23
5,0.5,1,60
45,0.75,2,80
25,0.75,2,78
25,0,3,2
45,0.5,2,59
25,0.25,1,43
5,0.875,1,77
45,0.25,2,46
25,0.875,2,84
45,0.875,3,97
5,0.75,1,60
45,0,2,19
45,0.5,2,62
5,0.375,1,57
5,0,1,19
45,1,3,98
5,0.5,1,67
5,0.25,1,20
45,1,3,85
25,0.875,2,91
5,0.25,1,20
25,0.25,1,26
45,0.375,2,40
5,0.375,1,40
45,0,3,2
45,0.625,2,49
45,0.25,2,12
45,0.75,3,89
25,0.5,2,72
45,0.25,3,24
25,0.375,2,21
5,0.75,1,80
25,0.125,2,14
45,0.875,3,83
5,0.25,1,40
25,0.25,2,45
25,0.75,2,61
25,0.75,2,76
25,1,3,92
45,0,3,3
25,0.125,2,42
5,1,3,100
45,0.875,3,100
25,0.125,2,5
45,0.25,2,5
45,0.75,3,95
5,0.625,3,50
5,0.25,2,44
5,0.125,1,49
45,0.375,2,41
25,0.5,1,47
25,0.5,2,45
5,0.875,3,100
5,0.5,2,71
45,0.5,3,38
5,0.75,2,61
5,0,3,8
25,0.75,2,35
5,0,3,0
25,0.125,3,1
45,0.125,3,12
5,1,2,71
45,0.375,2,52
25,0.75,2,68
45,0.75,1,63
5,0.625,1,65
5,0.75,2,74
25,0.625,2,74
45,1,2,78
5,0,2,30
45,0.25,2,9
25,1,2,79
25,1,2,83
25,0.375,2,29
5,0.75,2,72
25,0.5,2,37
5,0.25,1,62
5,0.5,1,69
25,0.25,1,20
25,0,2,8
5,0.125,2,42
25,0.625,2,31
25,0.75,1,31
45,0.875,2,27
25,0,1,49
45,0.5,1,41
45,1,2,59
45,0.625,2,66
25,0,2,37
25,0.875,2,67
5,0.875,1,71
5,0.375,1,52
25,0.875,1,74
5,1,2,17
45,0.75,1,37
25,0.375,1,28
45,1,1,29
5,0.875,1,86
45,0.625,2,31
45,0.5,2,32
25,0.375,1,60
45,0,3,1
25,0.25,2,34
45,0.875,3,75
5,0.25,3,27
45,0.25,2,22
25,0.875,2,52
45,0.375,2,57
25,1,1,39
45,0,2,29
25,0.125,2,41
5,0.625,1,40
45,0.125,2,24
45,0.625,2,70
25,0.625,1,39
5,0.375,2,45
45,0,2,61
45,0.125,1,33
5,0.5,3,52
5,0.125,2,58
5,0.375,1,30
25,0.25,1,44
45,0,3,0
5,0.25,2,40
5,0.25,2,20
25,0.875,3,100
45,0.375,1,10
25,0.75,1,55
45,0.125,3,0
5,0.625,2,40
5,0.125,2,20
45,0.5,2,50
5,0.375,1,60
45,0.5,1,40
25,0,3,0
5,0.75,1,80
45,0.5,1,80
45,0.25,1,45
45,0.75,1,65
25,1,3,100
25,0.25,1,10
45,0.375,1,60
45,0.125,1,5
5,0.875,1,80
45,0.375,1,35
25,0.375,1,50
5,0.375,1,20
25,0,3,0
45,0.25,2,5
45,1,3,100
25,0.125,2,10
5,0.125,2,0
45,0,1,5
5,0.5,1,60
5,1,2,100
25,0.25,1,30
45,0,3,0
5,0,1,20
5,1,2,100
25,0.125,2,5
5,0.875,1,80
5,0.625,1,80
25,0.5,1,50
5,0,2,0
45,0.875,2,90
25,0.625,1,85
25,0.625,1,30
5,0.5,1,40
25,0.875,2,90
25,0.5,1,70
25,0.125,3,0
25,0.375,1,35
25,0.75,2,90
45,1,2,90
25,0.375,1,15
45,1,3,100
45,0.875,3,100
45,0.625,1,50
5,0.125,1,20
45,0.25,1,15
45,0.75,1,80
25,0.875,1,75
45,0.625,1,70
5,0.625,1,60
25,1,1,90
25,0.75,1,90
5,0.5,1,60
5,0.875,1,100
5,0,1,0
45,0.125,1,15
5,0.75,1,100
5,0.25,1,20
5,0.375,1,40
25,1,2,100
25,0.5,1,30
5,1,1,80
25,0.25,1,15
5,0.75,1,60
25,0.625,1,70
45,0.625,2,85
45,0.875,1,65
45,0.75,2,95
25,0,1,15
5,0.125,3,20
45,0,3,0
25,0.875,3,100
45,0.25,2,40
25,0,3,0
5,1,3,98
45,0.375,2,58
25,1,2,76
25,0.5,2,41
5,0.875,3,80
45,0,2,3
25,0.5,2,49
45,1,2,81
45,0.375,2,22
45,0.25,2,18
5,0.5,2,60
25,0.875,2,87
5,0.625,3,39
45,0.25,2,33
5,0.375,1,22
25,0.25,2,33
5,1,2,96
45,0.75,2,59
5,0.5,2,42
5,0.75,2,97
45,0,2,12
25,0.375,2,50
5,1,2,80
25,0.625,1,84
5,0,2,24
25,0.75,2,72
45,0.5,2,49
5,0.125,2,3
45,1,3,98
5,0.75,2,63
25,0.875,2,73
5,0.625,2,61
5,0.625,2,82
25,0.5,2,75
25,0,3,2
5,0.25,2,39
45,0.875,3,98
5,0.75,2,83
45,1,3,98
25,0.375,2,27
45,0.625,1,75
25,0.25,2,50
5,0.875,2,97
25,1,3,97
5,0.375,2,41
45,0.375,2,40
5,0.25,1,25
45,0.875,2,86
25,0.75,2,58
5,0,2,3
5,0.5,2,62
5,0,2,2
45,0.5,2,63
25,0.25,2,8
45,0.5,2,42
5,0.375,2,60
5,0.125,1,26
25,0,2,18
45,0.125,2,3
45,0.625,1,84
45,0.875,1,68
25,0.625,1,62
25,0.125,2,23
45,0.125,1,15
25,0.75,1,90
25,0.125,1,10
45,0.75,2,76
45,0.125,2,25
25,1,3,97
25,0.625,2,50
5,0.25,2,19
25,0.375,2,44
25,0.125,3,3
45,0.75,2,90
5,0.875,2,81
45,0.625,1,50
25,0.125,2,75
45,0.125,2,90
45,1,3,99
25,0.625,3,91
25,0.625,2,76
25,0,3,1
5,1,3,91
25,0.375,2,75
5,0.25,1,50
45,0.5,2,42
25,1,3,98
25,0.875,3,98
45,0.875,2,78
5,0.25,1,15
45,0.25,2,26
5,0.375,3,55
25,0.125,2,12
25,0.25,2,21
25,0.875,2,80
5,0.875,3,88
5,0,3,15
25,0.375,2,24
45,0.125,2,22
5,1,3,87
25,1,3,96
5,0.75,2,81
45,0.375,2,45
5,0.125,2,24
5,0,2,26
25,0.375,2,50
5,0.5,2,60
45,0.125,3,3
45,0.375,3,20
25,1,2,79
5,0.25,2,26
5,0.375,2,25
25,0.5,2,65
45,0,3,3
5,0.125,2,10
5,0.5,1,52
25,0.5,2,30
45,1,3,97
5,0.75,2,15
5,0.625,1,53
5,0.875,3,85
5,0.875,2,76
45,0.75,3,79
5,0.625,2,85
45,0.5,1,51
45,0.875,1,74
25,0.875,2,80
5,0.75,1,60
5,1,3,85
45,0.25,2,32
45,0.75,3,90
5,0.5,2,56
45,1,2,91
45,0.75,2,65
45,0.875,3,99
45,0.625,2,70
45,0,2,13
25,0.25,2,48
25,0.25,2,17
25,0,2,17
25,0.625,2,45
45,0,3,3
45,0.5,2,52
25,0.75,3,89
45,0.375,3,56
5,0,2,15
25,0.125,3,7
5,0.125,2,15
25,0.5,3,52
5,0.375,1,40
45,0.25,2,20
45,0.625,3,35
45,0.625,2,80
25,0.75,3,85
25,0,3,3
25,0.75,2,70
5,0.625,3,85
5,0.125,3,20
5,0,3,10
25,1,3,95
25,0.875,3,97
45,0.5,3,60
5,1,3,90
5,0.875,3,91
45,0.875,3,98
5,0.25,3,20
45,0,3,2
5,0.625,3,56
5,0.25,3,39
5,0.75,3,85
25,0.125,3,6
45,0.75,3,90
5,0.875,3,76
5,0.125,3,10
5,0.75,3,81
25,0.375,2,51
45,0.25,3,25
5,0,3,20
45,0.75,2,70
45,0.375,3,21
45,0,2,10
25,0.25,3,30
45,0.875,3,75
45,1,3,96
45,0.625,2,50
45,1,3,98
25,1,2,90
5,0.125,3,30
45,0,3,3
25,0.5,2,51
45,0.125,3,3
25,0.875,3,78
25,0.625,2,80
45,0.625,3,75
5,0,2,80
5,0.75,2,60
45,0.625,3,80
25,0.25,3,10
45,0.5,2,49
5,0.625,2,80
5,0.375,2,40
45,0.25,3,15
5,0.625,2,46
5,0.25,2,20
25,0.5,2,42
25,0,3,7
5,0.375,3,59
45,0.25,3,10
25,0.625,2,55
45,0.5,3,35
25,0.75,2,80
25,0.125,2,14
25,0,2,15
25,0.75,2,40
45,1,3,85
5,0.5,2,60
45,0.875,3,86
5,0.375,2,20
5,0.5,2,50
5,1,2,85
45,0.125,3,15
45,0.375,3,35
5,1,3,85
25,0,3,6
25,0.125,3,25
25,0.375,2,24
5,0.875,2,80
5,0.5,2,40
45,0.75,3,75
25,0.875,3,89
45,0.375,3,70
25,1,3,95
25,0.625,3,50
25,0.375,3,43
25,0.5,3,36
25,0.25,3,15
45,0.125,3,19
25,0.75,3,90
45,0.375,2,60
45,0.75,1,60
25,0.375,2,26
45,0.5,3,33
45,0.75,3,89
45,0,3,0
25,0.125,2,8
45,0.875,1,31
25,0.75,2,72
25,0.625,2,58
5,0.25,2,34
45,0.125,3,0
5,0,2,8
45,0.75,2,72
45,0.625,2,49
45,0.875,2,69
5,0.5,3,80
25,1,3,94
45,0.125,3,75
25,0,2,0
25,0.625,2,70
5,0.5,2,68
25,0.875,3,100
5,0.25,2,17
5,0.875,3,84
25,0.375,2,71
5,0,2,68
25,0,3,15
45,0.5,2,60
45,0.375,3,16
45,0.5,3,77
25,0.375,2,54
5,1,1,57
5,0.875,1,77
5,0.125,1,63
45,0.625,2,79
5,0,1,16
5,0.875,1,77
25,0.625,2,81
25,0.75,2,67
25,0,3,7
45,1,3,95
45,1,2,71
45,0.875,3,94
25,0.125,2,19
25,0.25,2,21
45,0,2,17
25,0.25,2,28
25,0.875,1,62
45,0.125,3,16
5,0.375,2,73
5,0.625,1,82
5,0.75,1,81
25,0.5,2,39
45,0.375,1,37
25,0.25,1,13
5,0.75,2,25
25,0.5,2,50
5,0.625,3,62
5,0.625,1,69
25,0.875,1,77
5,0.125,2,19
25,0.125,3,11
45,1,3,95
45,0.25,3,90
5,0.5,1,68
5,0.125,2,31
5,1,2,20
5,0.375,2,25
25,0.5,2,76
45,0,3,8
45,0.25,3,8
5,0.25,2,20
45,0.625,2,73
45,0.25,1,23
25,0.75,2,21
5,0.375,1,22
5,0.75,1,27
25,1,3,95
25,1,3,96
5,1,3,82
5,0.25,2,45
5,0.5,1,54
5,0.25,1,39
45,0.125,3,8
25,0.625,2,63
45,0.875,2,83
45,0.625,2,59
45,0.5,2,61
5,0.125,1,9
45,0.75,3,91
45,0,3,4
5,0,1,5
5,0.375,2,55
45,0.875,2,60
45,0.5,1,60
5,0.75,2,57
25,0.75,1,54
25,0.625,2,48
5,0.75,2,88
25,0.375,2,38
45,0,3,4
5,0.375,1,14
25,1,2,97
45,0.875,3,97
45,0.125,2,12
5,0,1,40
5,0.625,2,32
45,0.625,2,46
45,0,2,11
25,0.875,3,95
25,1,2,96
25,0,3,7
5,0.375,1,48
5,1,1,61
25,0.5,2,59
45,0.375,2,33
45,0.75,2,55
25,0,1,15
5,0.625,1,93
5,1,2,92
5,0.875,1,74
45,0.75,2,57
25,0.25,2,21
5,0.125,2,8
25,0.875,1,65
5,0.75,1,41
45,0.375,2,54
25,0.5,2,45
25,0.5,2,38
45,0.25,3,13
45,0.25,1,35
25,1,2,89
5,0.875,1,88
25,0.75,1,83
25,0,3,7
5,0.5,1,43
45,0.5,2,34
5,0.5,1,43
45,0.125,2,30
25,0.125,2,9
45,0.375,2,49
25,0.75,2,29
45,0.25,1,43
5,0.875,1,93
25,0.375,1,70
5,0.25,3,18
45,1,3,95
5,0.625,2,55
25,0.125,2,11
45,0.625,1,67
25,0.25,1,61
5,0,1,55
45,1,3,96
25,0.375,2,22
25,0.125,2,22
5,1,1,47
25,0.625,1,55
25,0.25,1,37
25,0.875,2,83
45,1,2,65
5,0.125,1,58
25,0.875,2,17
5,0.75,3,3
45,0.375,1,30
5,0.5,3,2
5,0,3,0
45,0.25,1,34
25,0.75,2,19
5,0.625,3,3
25,0.625,2,19
45,0.25,3,5
5,0.125,3,1
5,0.375,3,1
5,0,3,1
45,1,1,40
45,0.875,1,46
25,0.375,2,13
25,0.5,2,17
5,0.25,3,1
25,0.25,3,10
5,1,3,5
25,0.375,1,20
45,0.125,3,12
5,0.625,3,2
45,0.5,2,16
45,1,1,48
5,0.75,2,5
45,0.75,1,49
25,0.25,1,35
25,0.875,1,32
5,0.875,3,5
5,0.625,2,5
25,0.375,3,9
5,0.5,3,3
5,1,3,5
45,0.75,1,27
25,1,1,23
5,0.5,3,3
5,0.375,1,2
25,0.5,1,2
25,0.125,2,60
5,0.75,2,52
5,1,3,4
25,0.625,2,12
5,0.125,2,55
45,0,1,31
25,1,1,31
45,0.625,1,42
25,1,1,18
25,0.125,3,7
45,0.625,1,33
25,0.25,2,7
25,0.75,2,18
25,0.125,3,3
5,0,1,19
25,0.625,3,16
45,0.25,3,11
25,0.875,3,18
45,0.5,3,23
25,0,3,0
25,0.5,3,13
45,1,1,48
45,0.75,1,56
5,0.25,1,52
45,0.875,1,33
25,0,3,0
45,0,3,7
45,0.625,2,20
25,0,3,4
5,0.125,3,0
45,0.375,1,30
5,0.375,3,3
45,0.875,1,55
5,0.875,3,4
45,0.5,1,26
5,0.875,3,4
45,0,3,0
45,0.125,3,0
45,0.375,2,17
45,0.125,1,20
25,0.75,1,18
5,0.25,1,12
45,0.625,2,35
25,0.125,3,15
25,0,3,0
5,0.125,3,0
5,0,3,0
25,0.25,2,10
5,0.25,2,40
5,0.75,2,80
45,1,2,78
45,0.125,2,35
25,0.375,2,30
45,0.25,2,40
45,1,3,100
5,0.5,2,75
5,0.875,1,57
45,0.375,2,50
5,0.375,2,38
25,1,3,100
5,0.5,2,60
45,0.875,1,59
5,1,2,56
5,1,3,100
25,0.5,2,66
45,0.125,2,20
45,0.5,2,50
25,1,2,80
25,1,2,100
45,0.75,2,85
25,0.125,2,14
25,0.875,3,100
45,1,3,100
45,0.375,2,16
5,0.375,1,57
5,0.875,2,30
5,0.625,2,66
25,0.25,2,35
5,0.25,1,39
45,0.625,2,55
45,0,2,12
25,0.5,1,56
25,0.75,2,83
5,0,2,63
25,0,2,26
5,0.875,2,77
45,0.875,1,80
5,0.125,2,21
5,0.25,2,21
5,0.75,1,26
45,0.375,2,27
45,0,2,37
45,0.875,2,86
5,0.625,1,36
45,0.625,3,73
5,0,2,73
45,0.125,3,0
5,0.625,2,67
45,0.5,3,37
25,0.625,1,67
25,0.875,2,90
25,0.375,2,36
5,1,2,61
45,0,3,16
25,0.75,2,86
25,0.625,2,48
25,0.125,3,0
25,0.5,2,63
25,0,2,37
25,0.375,2,52
5,0.75,2,42
5,0.375,1,36
45,0.5,2,24
5,0.5,1,57
5,0.125,3,17
25,0.25,2,21
45,0.25,2,41
45,0.75,1,63
25,0.75,2,76
45,0.25,3,23
45,0.75,2,69
25,0.875,3,90
25,0.625,2,85
45,0.125,3,90
25,0.875,3,70
45,0.375,1,64
45,0.75,3,80
25,0.5,3,84
25,0.75,3,90
25,0.25,1,72
5,0,3,80
5,0.25,3,20
5,0.5,3,60
5,0.75,3,100
45,0.625,3,32
5,1,3,75
45,0.25,2,50
45,1,3,90
45,0.625,3,55
45,0,2,15
5,0.875,3,80
45,0.125,3,20
25,0.375,2,26
45,1,3,93
45,0.25,3,66
5,0.375,3,60
5,0.5,3,60
25,0.125,3,2
25,0,3,1
5,1,3,97
5,0.625,3,80
5,0.625,3,60
25,1,3,94
5,0.875,1,90
25,0,3,2
45,0,3,1
5,0.125,3,20
25,0.75,3,96
45,0.5,1,50
5,0,3,1
45,0.375,2,50
5,0.625,3,40
5,0.75,3,50
45,0.75,3,49
5,0.25,3,40
25,1,3,97
45,0.375,3,19
25,0.5,3,51
25,0.125,3,10
5,0.375,3,21
5,0.125,3,19
25,0.375,3,6
45,0.875,1,51
25,0.75,2,65
45,0.125,3,14
25,0.5,3,34
5,0.875,1,73
25,1,3,94
45,0.5,3,52
5,0.75,3,84
25,0.625,2,75
25,0.875,3,79
45,0.5,3,83
25,0.25,3,7
5,1,3,87
45,0.875,3,54
45,1,3,50
45,0,1,54
45,0.875,1,45
25,0.125,3,59
25,0,1,12
5,0,3,7
5,0.125,2,48
5,0.25,3,80
25,0.875,3,89
25,0.625,3,77
25,0.25,1,12
45,0.75,3,48
25,0.625,3,62
45,0.25,3,7
5,0.375,3,20
45,0.625,1,52
25,0.375,3,56
5,0.5,2,51
45,0.25,3,16
45,0.125,3,6
45,0.75,3,19
45,0.5,3,3
25,0.875,3,9
25,0.75,2,5
5,0.875,3,5
45,1,3,30
25,0.875,1,33
5,1,2,9
45,1,3,18
25,0,3,13
5,0.625,1,25
5,0.5,1,11
45,0,1,8
25,0.75,1,21
25,0,1,2
5,0.25,3,2
5,0,2,8
45,0.125,2,12
45,0.875,3,8
45,0.25,2,9
25,1,2,19
5,1,1,10
5,0.125,2,16
45,0.5,2,30
25,0.125,2,28
25,1,1,75
25,0.375,1,20
5,0.125,2,20
45,0.875,2,17
5,0.875,2,27
5,0.5,3,25
45,0.625,3,19
5,0.25,2,24
25,0,2,10
5,0.75,3,9
25,0.5,2,26
45,0,2,16
45,0.625,2,20
45,0.375,2,9
5,0.375,3,18
5,0.375,2,15
25,0.125,3,17
25,0.875,3,20
25,1,3,10
5,0.375,2,28
25,0.375,3,27
45,0.375,3,24
25,0.125,3,17
25,0.25,2,22
45,0.375,3,30
5,1,2,19
25,0.625,3,20
5,0.625,2,22
5,0.875,2,18
45,0.75,2,24
5,0.5,3,15
45,0.25,2,16
5,0,2,18
25,0.25,2,19
25,0.25,2,18
45,0.125,2,9
25,0.625,2,13
25,0.375,3,7
5,0.75,3,17
45,1,2,23
5,0.125,2,22
25,0.625,3,18
45,0.625,2,21
45,0.5,2,40
45,0.75,3,40
5,0.25,3,70
5,0.625,3,97
5,0.75,3,56
5,0,2,75
25,0.5,2,63
25,0.5,2,34
25,0.75,3,61
45,0.875,3,85
45,0,3,69
5,0.625,3,40
45,0.375,1,40
25,0.625,2,60
45,0.75,2,79
25,1,3,100
5,0,2,50
25,0.375,1,40
5,0.5,1,59
5,0.375,3,40
25,0.25,1,10
5,0,3,0
5,0.125,3,20
5,0.125,3,20
45,0.625,1,80
25,0.875,3,100
5,0.5,3,60
45,0.25,1,50
45,0.5,1,50
25,0.375,1,40
5,1,1,100
45,0.625,1,50
25,0,3,0
25,0,3,0
5,0.375,1,10
5,0.25,3,20
5,0.75,3,80
25,0.75,1,80
25,0.125,3,0
45,1,3,100
45,0,3,0
25,0.875,1,70
5,0.875,3,80
45,1,1,90
45,1,3,100
5,1,3,100
25,0.125,1,10
25,0.5,1,10
25,0.75,1,10
25,1,3,100
25,0.125,1,69
5,0,3,0
5,0.375,3,60
5,0.5,3,40
5,0.125,3,0
25,0.75,1,20
5,0.25,3,20
25,0.625,1,60
45,0.375,1,40
45,0.625,1,70
25,0.5,1,40
45,0.125,3,0
25,0.375,1,50
45,0.875,3,100
45,0.5,1,70
25,0,1,10
45,0.125,1,20
5,0.875,3,80
5,0.75,3,100
25,0.5,1,70
45,0.375,1,30
45,0,1,20
45,0.5,1,30
25,1,1,90
25,0.875,1,30
45,0.875,1,80
25,0.625,1,70
5,1,3,80
45,0.25,1,60
5,0.25,3,40
45,0.75,1,70
5,0.75,3,60
45,0.25,1,60
5,0.875,1,100
45,0,3,0
5,0.625,1,80
25,0.25,1,20
45,0.125,1,60
5,0.625,1,60
45,0.875,1,40
45,0.75,1,70
25,0.25,1,30
25,0.625,3,85
25,0.5,2,60
45,0.875,3,85
5,0.75,3,8
45,0.25,3,50
25,0,2,20
45,0,2,19
5,0.625,2,24
45,1,2,59
25,0.125,3,0
25,0.875,3,59
5,0.5,2,39
45,0.5,2,60
25,0.375,2,37
25,1,2,70
25,0.875,2,66
25,0.75,1,50
5,0.125,2,61
5,0.125,2,0
5,0.75,2,17
45,0.375,2,7
5,0.375,3,8
45,0.375,2,26
45,0.25,2,39
45,0.5,2,40
25,0,2,0
5,0.5,2,31
45,0.625,2,35
45,0.625,2,31
25,0.125,3,18
45,0.5,2,25
5,0.375,3,6
45,0.75,2,24
25,0.25,2,3
45,0,2,10
45,0.125,2,0
25,0.625,2,7
45,0.125,2,9
45,0.75,3,79
25,0.375,2,43
45,0.125,3,42
5,0.875,2,8
25,1,2,13
25,0.75,2,18
5,0,2,31
25,0,2,26
25,0.75,3,66
45,1,2,59
5,0.25,3,54
5,0,3,0
45,0.625,3,55
45,0.75,2,38
5,0.625,2,31
25,0.25,2,23
5,0.75,2,39
5,0.5,2,26
25,0.5,2,34
45,1,3,100
5,0.25,2,14
25,0.125,2,2
45,0.375,2,12
5,0.875,2,14
25,1,2,9
45,0.875,2,15
25,0.25,2,61
25,0.5,2,26
5,0,2,42
25,0.375,2,23
5,1,2,34
5,0.625,2,33
45,0,2,13
5,1,2,29
5,1,2,15
45,0.875,2,19
5,0.875,2,2
5,0.125,2,2
25,0.625,2,8
5,0.25,2,1
5,0.375,2,0
25,0.875,2,1
45,0.25,2,14
45,1,2,80
45,0.5,2,75
25,0.375,2,65
25,0.25,2,30
5,0.375,2,60
5,0.5,3,60
25,0.875,2,90
25,0.5,2,40
25,1,2,85
5,0.5,2,25
25,1,3,100
25,0.875,3,100
5,0.875,3,80
45,0,3,0
25,0.75,2,80
5,0,3,20
45,0.125,3,0
5,0.375,3,20
5,0.875,3,80
45,0.875,3,100
5,0,2,0
45,0.125,2,10
45,0.625,2,40
45,1,3,100
5,0.25,3,40
5,0.375,3,40
45,1,3,100
45,0,3,0
5,0.75,3,60
25,0.875,2,75
5,0.5,3,60
45,0.375,2,75
45,0.75,2,60
45,0.125,2,30
5,1,2,100
5,1,2,80
45,0.75,2,60
45,0.625,2,75
25,0.625,2,80
25,0.25,2,35
25,1,3,100
25,0.125,2,25
25,0.125,2,10
5,0.875,2,100
5,0.25,2,20
5,0.125,2,0
25,0.5,2,80
45,0.25,2,20
25,0,3,0
45,0.875,2,85
45,0.875,2,90
5,0.625,2,80
45,0,2,10
25,0,3,0
45,0.5,2,50
25,0.375,2,25
25,0.375,2,15
5,0.125,2,20
45,0.625,2,60
45,0.75,2,90
45,0.25,2,10
25,0.75,2,65
25,0.125,3,0
5,0,2,0
45,0.25,2,33
5,0.625,2,40
25,0.75,2,90
25,0.625,2,60
5,0.25,1,60
5,0.75,2,80
25,0,2,15
5,0.75,2,100
25,0.5,2,40
25,0.625,2,50
45,0.5,2,20
5,0.125,2,20
5,1,2,100
5,0.625,2,60
25,0.25,2,10
45,0.375,2,20
45,0.375,2,33
45,0.875,2,56
45,0.625,2,43
5,0.25,2,60
45,0.375,3,84
5,0.375,2,53
5,0.5,2,51
5,1,2,53
45,0.375,3,57
45,0.25,3,88
25,0.875,3,32
25,0.25,2,74
25,0.625,2,57
5,1,2,56
45,1,2,6
5,0.75,2,6
5,0.875,1,11
45,0.875,2,8
5,0.125,1,61
45,1,3,100
45,0.25,3,51
45,0.25,3,29
25,0.5,2,52
5,0.5,1,26
25,0.5,1,35
25,0,3,0
25,0.375,3,53
45,0,1,55
25,0.5,2,38
25,0.125,2,47
45,0.75,1,16
5,0.125,1,40
25,0.75,1,25
5,0.25,1,30
25,0.75,1,25
25,0.625,1,25
5,0.75,1,26
45,0,1,26
25,0.875,1,43
45,0.875,2,44
25,1,1,32
5,0.625,1,22
5,0.375,1,23
25,0.25,1,24
25,0.25,1,17
5,0.125,1,24
25,0.875,3,100
5,0.875,1,60
5,0.625,1,31
5,0.625,1,31
25,0.375,1,31
5,0.875,1,22
5,0,1,33
45,0.125,1,35
5,0.75,1,37
45,0.625,1,33
25,1,1,25
45,0.5,1,36
25,0.75,1,21
25,0.125,1,39
5,0,1,22
45,0.125,3,25
45,0.375,3,15
25,0,2,19
25,0.375,1,20
25,0,1,16
25,0.125,1,31
5,0,1,22
45,0.625,2,52
45,0.5,1,35
45,0.125,2,36
25,0.625,2,42
45,0,2,27
5,0.25,2,34
45,0.75,2,35
45,1,2,32
45,0.5,2,36
45,0.75,2,26
5,0.375,1,49
5,1,1,18
25,1,3,88
5,0.5,1,25
25,0.625,3,81
5,0,3,1
5,0.625,3,42
5,0.875,3,79
5,0.25,3,42
25,0.125,3,1
5,0.75,2,80
5,0.875,3,99
5,0.875,3,90
45,0.125,1,32
45,1,3,100
45,0.75,3,86
45,0.875,3,91
45,0.625,3,92
5,0.5,3,55
25,0.75,3,90
45,0.25,3,80
45,0.75,3,60
25,0.375,1,49
5,0.125,3,20
5,0,3,25
25,1,3,99
5,0.375,3,46
25,0.5,3,55
25,0.75,3,73
25,0,3,2
45,0,3,7
5,0.75,3,72
45,0.25,3,40
5,0.75,3,99
5,0.375,3,60
45,0.5,3,57
25,0.625,3,84
45,0.5,2,50
25,0.375,3,50
45,0,3,0
25,0.375,3,22
5,1,3,81
25,0.5,3,46
25,0.25,3,29
45,0.375,2,50
45,0.875,3,100
45,0.875,3,84
25,0.125,3,32
45,1,3,99
5,1,3,94
25,0.25,3,9
45,1,3,83
5,0.5,3,20
25,0,3,2
45,0.125,2,23
5,0.5,3,65
45,0.25,3,19
25,0.125,3,10
5,0.625,3,55
5,0.25,3,15
5,1,3,95
5,0.625,3,77
25,0.875,3,99
25,1,3,98
5,0,3,4
45,0.375,3,18
45,0,3,1
5,0.125,3,14
25,1,3,78
25,0,3,18
45,0.5,3,42
45,0.375,3,43
25,0.875,3,70
25,0.875,3,88
5,0.375,3,9
25,0.625,3,46
25,0.25,3,46
5,0.25,3,15
45,0.625,3,58
5,0.125,3,1
25,0.5,3,60
45,0.125,3,1
45,0.75,3,88
45,0.625,3,50
25,0.75,3,52
45,0,3,0
45,0.875,3,90
25,0.125,2,9
45,1,3,100
25,0.25,2,28
5,0.5,3,75
45,0.125,3,25
5,0.75,1,57
25,0.375,2,35
25,0.25,2,20
45,0.75,3,96
5,0.125,3,0
45,0.375,2,15
5,0.875,3,100
5,0.625,2,43
45,0.125,3,20
25,0.5,2,43
5,1,3,100
5,0.75,3,99
5,0,3,0
45,0,3,0
25,0.5,3,40
25,0.75,3,98
45,1,3,93
25,0,3,0
45,0,3,37
45,0.875,3,100
25,0.75,3,70
25,0,3,0
25,0,1,48
5,0.375,1,44
25,0.625,3,60
25,0.375,3,70
5,0.25,3,65
25,0.125,3,0
45,0.625,3,70
5,0,2,13
5,0.875,3,100
45,0.875,3,98
45,0.125,3,0
5,0.5,3,60
45,0.375,3,65
5,0,3,0
25,0.5,3,59
25,0.625,3,55
5,1,2,57
45,0.5,3,40
25,1,3,100
5,0.125,3,0
45,0.5,3,35
45,0.5,3,60
45,0.75,3,66
45,0.625,3,45
25,0.875,2,40
45,0.375,3,52
5,0.125,3,15
5,1,3,90
5,0.625,3,100
45,0.25,3,48
25,0.75,3,85
25,1,2,76
5,0.25,2,43
5,0.375,2,43
25,0.875,3,95
25,0.875,3,100
25,0.25,3,45
5,0.375,3,45
45,0.75,3,50
5,0.5,3,50
5,0.25,1,46
5,0.75,3,100
5,0.875,2,99
45,0.25,2,5
45,0.25,2,38
25,0.125,2,50
25,0.375,2,44
45,1,3,100
5,0.625,3,50
45,0.625,3,90
25,0.625,2,67
25,1,3,100
5,0.5,2,50
45,0.75,3,65
5,0.625,3,66
45,0.75,3,66
5,0.25,3,20
5,0.5,3,40
5,0.875,3,80
45,0.625,3,75
5,0,3,5
5,0.75,3,50
5,1,3,80
5,1,3,95
25,0.125,3,5
25,1,3,95
25,0.25,3,60
45,0.875,3,85
45,1,3,95
25,0.375,3,25
5,0,3,30
25,0.125,3,40
45,1,3,100
5,0.625,2,61
25,0.75,3,50
5,0.25,3,35
45,0.125,3,10
5,0.375,3,20
5,0.25,3,20
45,0.125,3,40
45,0,3,10
5,0.125,3,20
45,0.375,3,15
5,0.875,3,95
25,0,3,5
25,0.375,3,37
45,1,3,85
45,0.125,3,5
25,0.125,3,10
5,0.5,3,40
25,0,3,10
45,0.25,3,25
45,0.875,3,95
5,0.625,3,90
25,0.875,3,91
45,0.875,3,80
5,0.875,3,85
25,0.875,3,90
25,0.25,3,35
45,0,3,70
25,0.5,3,30
5,1,3,95
45,0.75,3,84
25,0.625,3,71
5,0.375,3,43
5,0,3,9
45,0.25,3,25
45,0.5,3,50
45,0.375,3,35
45,0.5,3,35
25,0.5,3,46
25,0.625,3,43
5,0.75,3,49
25,0.5,3,40
45,0,3,10
25,0.25,3,9
5,0.375,3,50
25,0.875,3,83
25,1,3,71
45,0.625,3,73
25,0.375,3,72
25,1,3,93
45,0.375,3,46
5,0.125,3,21
5,0.75,3,91
25,0.75,1,43
45,0.25,3,8
45,0.5,2,52
25,0.75,3,91
25,0.625,3,62
45,0.625,1,50
25,0,3,28
5,0.125,3,11
45,0.125,3,0
5,0.375,2,10
5,0,2,1
45,0,3,0
5,0.875,1,97
45,0.5,2,81
45,0.875,2,80
25,0.75,2,65
5,0.75,2,90
5,0.5,2,80
25,0.375,2,31
5,0.125,1,10
5,0.875,1,90
45,0.25,2,16
25,0.375,2,53
45,0,2,6
45,0.625,2,70
25,0.125,2,39
45,1,3,100
25,0.875,3,100
25,0.625,2,54
45,1,3,100
25,0.5,2,55
45,0.75,2,53
45,1,2,90
25,1,3,96
5,0.5,3,25
25,1,2,85
5,0.75,2,75
25,0.875,2,78
45,0.375,2,25
5,1,1,96
45,0.625,2,83
45,0.25,2,25
5,0.625,1,75
5,0.25,1,25
45,0.875,3,100
25,0.875,2,90
5,0.5,1,64
25,0.125,2,15
5,0.625,1,65
45,0.5,2,44
25,0.75,2,75
45,0.125,2,15
45,0.375,2,75
25,0.625,2,37
5,0.375,1,35
45,0.75,2,88
45,0.625,2,75
25,0,2,0
25,0.25,2,25
25,0,2,16
25,0.5,2,75
25,0.125,2,0
45,0,3,0
5,0.125,1,25
45,0.125,2,25
25,0.625,2,76
25,0,1,0
25,1,2,100
5,0.25,1,16
5,0,1,17
25,0.5,2,25
5,0.125,1,15
45,0.25,2,26
45,0.5,2,19
5,0.25,1,23
5,0.75,1,100
45,0.375,2,25
25,0.25,2,18
45,0.75,2,75
25,0.375,2,48
5,1,1,86
45,0.875,2,84
5,1,1,100
5,0.625,2,23
5,0.375,1,70
5,0,1,0
5,0.875,1,93
25,0.25,2,14
25,0.75,2,82
45,0.875,3,72
45,0.25,3,48
25,0.5,3,32
5,0,3,13
5,0.625,2,42
45,0.75,1,30
5,0.125,2,34
25,0.125,3,17
5,0.375,3,50
45,0.875,3,92
25,0,3,8
5,0.875,2,59
5,0.75,2,50
5,0.875,1,47
5,1,2,69
45,1,3,74
45,0.625,3,60
5,0.25,2,46
45,0.125,3,6
25,0.25,2,17
45,0,3,13
25,0.625,3,51
25,0,2,12
45,0.5,2,53
5,0.75,1,53
5,0.25,3,45
45,1,3,82
45,0.5,2,44
45,0.125,2,25
5,0.875,1,54
45,0.25,1,55
45,0,2,20
25,0,1,34
5,0,2,43
45,0.75,3,62
5,0.625,2,75
25,0.625,2,52
25,0.375,2,21
45,0.125,2,44
25,0.25,2,34
5,0.125,1,57
45,0.375,2,52
25,0.875,3,74
5,0.25,1,41
45,1,2,63
25,0.125,2,43
5,0.75,1,67
45,0.625,3,46
25,0.75,2,67
45,0.75,3,82
5,1,1,46
25,0.625,1,52
5,0.5,1,56
25,1,1,62
5,0.625,1,61
25,0.375,2,40
25,0.875,3,75
25,0.5,2,60
45,0.875,3,80
25,0.125,2,16
25,1,2,60
45,0.375,2,44
45,0.5,3,54
5,1,1,76
5,0,1,24
45,0.625,2,73
5,0.375,1,43
25,0.75,2,74
45,0,3,11
45,0.375,3,16
25,0.875,3,86
25,1,2,79
25,0.75,2,53
25,0.375,2,57
5,0.125,1,54
5,0.5,1,58
5,0.375,1,10
25,0.25,1,31
45,0.25,3,27
25,0.5,2,36
5,0.5,1,62
